.
./isaaclab
./isaaclab/docker
./isaaclab/docker/docker-compose.cloudxr-runtime.patch.yaml
./isaaclab/docker/container.py
./isaaclab/docker/test
./isaaclab/docker/test/test_docker.py
./isaaclab/docker/Dockerfile.curobo
./isaaclab/docker/Dockerfile.base
./isaaclab/docker/docker-compose.yaml
./isaaclab/docker/container.sh
./isaaclab/docker/Dockerfile.ros2
./isaaclab/docker/x11.yaml
./isaaclab/docker/cluster
./isaaclab/docker/cluster/run_singularity.sh
./isaaclab/docker/cluster/submit_job_slurm.sh
./isaaclab/docker/cluster/submit_job_pbs.sh
./isaaclab/docker/cluster/cluster_interface.sh
./isaaclab/docker/utils
./isaaclab/docker/utils/__init__.py
./isaaclab/docker/utils/container_interface.py
./isaaclab/docker/utils/state_file.py
./isaaclab/docker/utils/x11_utils.py
./isaaclab/tools
./isaaclab/tools/run_train_envs.py
./isaaclab/tools/install_deps.py
./isaaclab/tools/conftest.py
./isaaclab/tools/run_all_tests.py
./isaaclab/tools/template
./isaaclab/tools/template/__init__.py
./isaaclab/tools/template/common.py
./isaaclab/tools/template/requirements.txt
./isaaclab/tools/template/cli.py
./isaaclab/tools/template/generator.py
./isaaclab/tools/template/templates
./isaaclab/tools/template/templates/agents
./isaaclab/tools/template/templates/agents/skrl_amp_cfg
./isaaclab/tools/template/templates/agents/rsl_rl_ppo_cfg
./isaaclab/tools/template/templates/agents/skrl_ippo_cfg
./isaaclab/tools/template/templates/agents/rl_games_ppo_cfg
./isaaclab/tools/template/templates/agents/sb3_ppo_cfg
./isaaclab/tools/template/templates/agents/skrl_ppo_cfg
./isaaclab/tools/template/templates/agents/skrl_mappo_cfg
./isaaclab/tools/template/templates/external
./isaaclab/tools/template/templates/external/docker
./isaaclab/tools/template/templates/external/docker/Dockerfile
./isaaclab/tools/template/templates/external/docker/docker-compose.yaml
./isaaclab/tools/template/templates/external/README.md
./isaaclab/tools/template/templates/tasks
./isaaclab/tools/template/templates/tasks/__init__task
./isaaclab/tools/template/templates/tasks/__init__agents
./isaaclab/tools/template/templates/tasks/manager-based_single-agent
./isaaclab/tools/template/templates/tasks/manager-based_single-agent/env_cfg
./isaaclab/tools/template/templates/tasks/manager-based_single-agent/mdp
./isaaclab/tools/template/templates/tasks/manager-based_single-agent/mdp/__init__.py
./isaaclab/tools/template/templates/tasks/manager-based_single-agent/mdp/rewards.py
./isaaclab/tools/template/templates/tasks/direct_multi-agent
./isaaclab/tools/template/templates/tasks/direct_multi-agent/env_cfg
./isaaclab/tools/template/templates/tasks/direct_multi-agent/env
./isaaclab/tools/template/templates/tasks/direct_single-agent
./isaaclab/tools/template/templates/tasks/direct_single-agent/env_cfg
./isaaclab/tools/template/templates/tasks/direct_single-agent/env
./isaaclab/tools/template/templates/extension
./isaaclab/tools/template/templates/extension/config
./isaaclab/tools/template/templates/extension/config/extension.toml
./isaaclab/tools/template/templates/extension/__init__ext
./isaaclab/tools/template/templates/extension/__init__tasks
./isaaclab/tools/template/templates/extension/__init__workflow
./isaaclab/tools/template/templates/extension/setup.py
./isaaclab/tools/template/templates/extension/ui_extension_example.py
./isaaclab/tools/template/templates/extension/docs
./isaaclab/tools/template/templates/extension/docs/CHANGELOG.rst
./isaaclab/tools/template/templates/extension/pyproject.toml
./isaaclab/tools/test_settings.py
./isaaclab/CONTRIBUTORS.md
./isaaclab/environment.yml
./isaaclab/source
./isaaclab/source/isaaclab_rl
./isaaclab/source/isaaclab_rl/isaaclab_rl
./isaaclab/source/isaaclab_rl/isaaclab_rl/__init__.py
./isaaclab/source/isaaclab_rl/isaaclab_rl/skrl.py
./isaaclab/source/isaaclab_rl/isaaclab_rl/sb3.py
./isaaclab/source/isaaclab_rl/isaaclab_rl/rl_games
./isaaclab/source/isaaclab_rl/isaaclab_rl/rl_games/__init__.py
./isaaclab/source/isaaclab_rl/isaaclab_rl/rl_games/pbt
./isaaclab/source/isaaclab_rl/isaaclab_rl/rl_games/pbt/pbt.py
./isaaclab/source/isaaclab_rl/isaaclab_rl/rl_games/pbt/__init__.py
./isaaclab/source/isaaclab_rl/isaaclab_rl/rl_games/pbt/pbt_cfg.py
./isaaclab/source/isaaclab_rl/isaaclab_rl/rl_games/pbt/pbt_utils.py
./isaaclab/source/isaaclab_rl/isaaclab_rl/rl_games/pbt/mutation.py
./isaaclab/source/isaaclab_rl/isaaclab_rl/rl_games/rl_games.py
./isaaclab/source/isaaclab_rl/isaaclab_rl/rsl_rl
./isaaclab/source/isaaclab_rl/isaaclab_rl/rsl_rl/__init__.py
./isaaclab/source/isaaclab_rl/isaaclab_rl/rsl_rl/rnd_cfg.py
./isaaclab/source/isaaclab_rl/isaaclab_rl/rsl_rl/rl_cfg.py
./isaaclab/source/isaaclab_rl/isaaclab_rl/rsl_rl/distillation_cfg.py
./isaaclab/source/isaaclab_rl/isaaclab_rl/rsl_rl/vecenv_wrapper.py
./isaaclab/source/isaaclab_rl/isaaclab_rl/rsl_rl/exporter.py
./isaaclab/source/isaaclab_rl/isaaclab_rl/rsl_rl/symmetry_cfg.py
./isaaclab/source/isaaclab_rl/isaaclab_rl/rsl_rl/__pycache__
./isaaclab/source/isaaclab_rl/isaaclab_rl/rsl_rl/__pycache__/__init__.cpython-311.pyc
./isaaclab/source/isaaclab_rl/isaaclab_rl/rsl_rl/__pycache__/rnd_cfg.cpython-311.pyc
./isaaclab/source/isaaclab_rl/isaaclab_rl/rsl_rl/__pycache__/distillation_cfg.cpython-311.pyc
./isaaclab/source/isaaclab_rl/isaaclab_rl/rsl_rl/__pycache__/exporter.cpython-311.pyc
./isaaclab/source/isaaclab_rl/isaaclab_rl/rsl_rl/__pycache__/symmetry_cfg.cpython-311.pyc
./isaaclab/source/isaaclab_rl/isaaclab_rl/rsl_rl/__pycache__/rl_cfg.cpython-311.pyc
./isaaclab/source/isaaclab_rl/isaaclab_rl/rsl_rl/__pycache__/vecenv_wrapper.cpython-311.pyc
./isaaclab/source/isaaclab_rl/isaaclab_rl/__pycache__
./isaaclab/source/isaaclab_rl/isaaclab_rl/__pycache__/__init__.cpython-311.pyc
./isaaclab/source/isaaclab_rl/config
./isaaclab/source/isaaclab_rl/config/extension.toml
./isaaclab/source/isaaclab_rl/test
./isaaclab/source/isaaclab_rl/test/test_rl_games_wrapper.py
./isaaclab/source/isaaclab_rl/test/test_rsl_rl_wrapper.py
./isaaclab/source/isaaclab_rl/test/test_skrl_wrapper.py
./isaaclab/source/isaaclab_rl/test/test_sb3_wrapper.py
./isaaclab/source/isaaclab_rl/setup.py
./isaaclab/source/isaaclab_rl/docs
./isaaclab/source/isaaclab_rl/docs/CHANGELOG.rst
./isaaclab/source/isaaclab_rl/pyproject.toml
./isaaclab/source/isaaclab_rl/isaaclab_rl.egg-info
./isaaclab/source/isaaclab_rl/isaaclab_rl.egg-info/top_level.txt
./isaaclab/source/isaaclab_rl/isaaclab_rl.egg-info/requires.txt
./isaaclab/source/isaaclab_rl/isaaclab_rl.egg-info/PKG-INFO
./isaaclab/source/isaaclab_rl/isaaclab_rl.egg-info/not-zip-safe
./isaaclab/source/isaaclab_rl/isaaclab_rl.egg-info/dependency_links.txt
./isaaclab/source/isaaclab_rl/isaaclab_rl.egg-info/SOURCES.txt
./isaaclab/source/isaaclab_assets
./isaaclab/source/isaaclab_assets/config
./isaaclab/source/isaaclab_assets/config/extension.toml
./isaaclab/source/isaaclab_assets/data
./isaaclab/source/isaaclab_assets/test
./isaaclab/source/isaaclab_assets/test/test_valid_configs.py
./isaaclab/source/isaaclab_assets/isaaclab_assets
./isaaclab/source/isaaclab_assets/isaaclab_assets/__init__.py
./isaaclab/source/isaaclab_assets/isaaclab_assets/robots
./isaaclab/source/isaaclab_assets/isaaclab_assets/robots/allegro.py
./isaaclab/source/isaaclab_assets/isaaclab_assets/robots/universal_robots.py
./isaaclab/source/isaaclab_assets/isaaclab_assets/robots/__init__.py
./isaaclab/source/isaaclab_assets/isaaclab_assets/robots/pick_and_place.py
./isaaclab/source/isaaclab_assets/isaaclab_assets/robots/kuka_allegro.py
./isaaclab/source/isaaclab_assets/isaaclab_assets/robots/quadcopter.py
./isaaclab/source/isaaclab_assets/isaaclab_assets/robots/cart_double_pendulum.py
./isaaclab/source/isaaclab_assets/isaaclab_assets/robots/fourier.py
./isaaclab/source/isaaclab_assets/isaaclab_assets/robots/agility.py
./isaaclab/source/isaaclab_assets/isaaclab_assets/robots/cassie.py
./isaaclab/source/isaaclab_assets/isaaclab_assets/robots/agibot.py
./isaaclab/source/isaaclab_assets/isaaclab_assets/robots/cartpole.py
./isaaclab/source/isaaclab_assets/isaaclab_assets/robots/franka.py
./isaaclab/source/isaaclab_assets/isaaclab_assets/robots/shadow_hand.py
./isaaclab/source/isaaclab_assets/isaaclab_assets/robots/unitree.py
./isaaclab/source/isaaclab_assets/isaaclab_assets/robots/kinova.py
./isaaclab/source/isaaclab_assets/isaaclab_assets/robots/anymal.py
./isaaclab/source/isaaclab_assets/isaaclab_assets/robots/humanoid_28.py
./isaaclab/source/isaaclab_assets/isaaclab_assets/robots/sawyer.py
./isaaclab/source/isaaclab_assets/isaaclab_assets/robots/ant.py
./isaaclab/source/isaaclab_assets/isaaclab_assets/robots/humanoid.py
./isaaclab/source/isaaclab_assets/isaaclab_assets/robots/ridgeback_franka.py
./isaaclab/source/isaaclab_assets/isaaclab_assets/robots/spot.py
./isaaclab/source/isaaclab_assets/isaaclab_assets/robots/galbot.py
./isaaclab/source/isaaclab_assets/isaaclab_assets/robots/__pycache__
./isaaclab/source/isaaclab_assets/isaaclab_assets/robots/__pycache__/__init__.cpython-311.pyc
./isaaclab/source/isaaclab_assets/isaaclab_assets/robots/__pycache__/ridgeback_franka.cpython-311.pyc
./isaaclab/source/isaaclab_assets/isaaclab_assets/robots/__pycache__/unitree.cpython-311.pyc
./isaaclab/source/isaaclab_assets/isaaclab_assets/robots/__pycache__/kuka_allegro.cpython-311.pyc
./isaaclab/source/isaaclab_assets/isaaclab_assets/robots/__pycache__/spot.cpython-311.pyc
./isaaclab/source/isaaclab_assets/isaaclab_assets/robots/__pycache__/sawyer.cpython-311.pyc
./isaaclab/source/isaaclab_assets/isaaclab_assets/robots/__pycache__/kinova.cpython-311.pyc
./isaaclab/source/isaaclab_assets/isaaclab_assets/robots/__pycache__/fourier.cpython-311.pyc
./isaaclab/source/isaaclab_assets/isaaclab_assets/robots/__pycache__/universal_robots.cpython-311.pyc
./isaaclab/source/isaaclab_assets/isaaclab_assets/robots/__pycache__/cart_double_pendulum.cpython-311.pyc
./isaaclab/source/isaaclab_assets/isaaclab_assets/robots/__pycache__/shadow_hand.cpython-311.pyc
./isaaclab/source/isaaclab_assets/isaaclab_assets/robots/__pycache__/cartpole.cpython-311.pyc
./isaaclab/source/isaaclab_assets/isaaclab_assets/robots/__pycache__/pick_and_place.cpython-311.pyc
./isaaclab/source/isaaclab_assets/isaaclab_assets/robots/__pycache__/allegro.cpython-311.pyc
./isaaclab/source/isaaclab_assets/isaaclab_assets/robots/__pycache__/franka.cpython-311.pyc
./isaaclab/source/isaaclab_assets/isaaclab_assets/robots/__pycache__/humanoid_28.cpython-311.pyc
./isaaclab/source/isaaclab_assets/isaaclab_assets/robots/__pycache__/galbot.cpython-311.pyc
./isaaclab/source/isaaclab_assets/isaaclab_assets/robots/__pycache__/quadcopter.cpython-311.pyc
./isaaclab/source/isaaclab_assets/isaaclab_assets/robots/__pycache__/anymal.cpython-311.pyc
./isaaclab/source/isaaclab_assets/isaaclab_assets/robots/__pycache__/ant.cpython-311.pyc
./isaaclab/source/isaaclab_assets/isaaclab_assets/robots/__pycache__/humanoid.cpython-311.pyc
./isaaclab/source/isaaclab_assets/isaaclab_assets/sensors
./isaaclab/source/isaaclab_assets/isaaclab_assets/sensors/__init__.py
./isaaclab/source/isaaclab_assets/isaaclab_assets/sensors/velodyne.py
./isaaclab/source/isaaclab_assets/isaaclab_assets/sensors/__pycache__
./isaaclab/source/isaaclab_assets/isaaclab_assets/sensors/__pycache__/__init__.cpython-311.pyc
./isaaclab/source/isaaclab_assets/isaaclab_assets/sensors/__pycache__/velodyne.cpython-311.pyc
./isaaclab/source/isaaclab_assets/isaaclab_assets/__pycache__
./isaaclab/source/isaaclab_assets/isaaclab_assets/__pycache__/__init__.cpython-311.pyc
./isaaclab/source/isaaclab_assets/setup.py
./isaaclab/source/isaaclab_assets/docs
./isaaclab/source/isaaclab_assets/docs/CHANGELOG.rst
./isaaclab/source/isaaclab_assets/docs/README.md
./isaaclab/source/isaaclab_assets/pyproject.toml
./isaaclab/source/isaaclab_assets/isaaclab_assets.egg-info
./isaaclab/source/isaaclab_assets/isaaclab_assets.egg-info/top_level.txt
./isaaclab/source/isaaclab_assets/isaaclab_assets.egg-info/PKG-INFO
./isaaclab/source/isaaclab_assets/isaaclab_assets.egg-info/not-zip-safe
./isaaclab/source/isaaclab_assets/isaaclab_assets.egg-info/dependency_links.txt
./isaaclab/source/isaaclab_assets/isaaclab_assets.egg-info/SOURCES.txt
./isaaclab/source/isaaclab_tasks
./isaaclab/source/isaaclab_tasks/config
./isaaclab/source/isaaclab_tasks/config/extension.toml
./isaaclab/source/isaaclab_tasks/test
./isaaclab/source/isaaclab_tasks/test/test_multi_agent_environments.py
./isaaclab/source/isaaclab_tasks/test/test_hydra.py
./isaaclab/source/isaaclab_tasks/test/test_factory_environments.py
./isaaclab/source/isaaclab_tasks/test/env_test_utils.py
./isaaclab/source/isaaclab_tasks/test/benchmarking
./isaaclab/source/isaaclab_tasks/test/benchmarking/env_benchmark_test_utils.py
./isaaclab/source/isaaclab_tasks/test/benchmarking/test_environments_training.py
./isaaclab/source/isaaclab_tasks/test/benchmarking/conftest.py
./isaaclab/source/isaaclab_tasks/test/benchmarking/configs.yaml
./isaaclab/source/isaaclab_tasks/test/test_environment_determinism.py
./isaaclab/source/isaaclab_tasks/test/test_lift_teddy_bear.py
./isaaclab/source/isaaclab_tasks/test/test_record_video.py
./isaaclab/source/isaaclab_tasks/test/test_environments_with_stage_in_memory.py
./isaaclab/source/isaaclab_tasks/test/test_environments.py
./isaaclab/source/isaaclab_tasks/isaaclab_tasks
./isaaclab/source/isaaclab_tasks/isaaclab_tasks/__init__.py
./isaaclab/source/isaaclab_tasks/isaaclab_tasks/direct
./isaaclab/source/isaaclab_tasks/isaaclab_tasks/direct/factory
./isaaclab/source/isaaclab_tasks/isaaclab_tasks/direct/factory/__init__.py
./isaaclab/source/isaaclab_tasks/isaaclab_tasks/direct/factory/factory_env.py
./isaaclab/source/isaaclab_tasks/isaaclab_tasks/direct/factory/factory_utils.py
./isaaclab/source/isaaclab_tasks/isaaclab_tasks/direct/factory/agents
./isaaclab/source/isaaclab_tasks/isaaclab_tasks/direct/factory/agents/__init__.py
./isaaclab/source/isaaclab_tasks/isaaclab_tasks/direct/factory/agents/rl_games_ppo_cfg.yaml
./isaaclab/source/isaaclab_tasks/isaaclab_tasks/direct/factory/agents/__pycache__
./isaaclab/source/isaaclab_tasks/isaaclab_tasks/direct/factory/agents/__pycache__/__init__.cpython-311.pyc
./isaaclab/source/isaaclab_tasks/isaaclab_tasks/direct/factory/factory_tasks_cfg.py
./isaaclab/source/isaaclab_tasks/isaaclab_tasks/direct/factory/factory_control.py
./isaaclab/source/isaaclab_tasks/isaaclab_tasks/direct/factory/factory_env_cfg.py
./isaaclab/source/isaaclab_tasks/isaaclab_tasks/direct/factory/__pycache__
./isaaclab/source/isaaclab_tasks/isaaclab_tasks/direct/factory/__pycache__/__init__.cpython-311.pyc
./isaaclab/source/isaaclab_tasks/isaaclab_tasks/direct/factory/__pycache__/factory_utils.cpython-311.pyc
./isaaclab/source/isaaclab_tasks/isaaclab_tasks/direct/factory/__pycache__/factory_env.cpython-311.pyc
./isaaclab/source/isaaclab_tasks/isaaclab_tasks/direct/factory/__pycache__/factory_env_cfg.cpython-311.pyc
./isaaclab/source/isaaclab_tasks/isaaclab_tasks/direct/factory/__pycache__/factory_tasks_cfg.cpython-311.pyc
./isaaclab/source/isaaclab_tasks/isaaclab_tasks/direct/factory/__pycache__/factory_control.cpython-311.pyc
./isaaclab/source/isaaclab_tasks/isaaclab_tasks/direct/__init__.py
./isaaclab/source/isaaclab_tasks/isaaclab_tasks/direct/cartpole
./isaaclab/source/isaaclab_tasks/isaaclab_tasks/direct/cartpole/__init__.py
./isaaclab/source/isaaclab_tasks/isaaclab_tasks/direct/cartpole/agents
./isaaclab/source/isaaclab_tasks/isaaclab_tasks/direct/cartpole/agents/__init__.py
./isaaclab/source/isaaclab_tasks/isaaclab_tasks/direct/cartpole/agents/rsl_rl_ppo_cfg.py
./isaaclab/source/isaaclab_tasks/isaaclab_tasks/direct/cartpole/agents/rl_games_camera_ppo_cfg.yaml
./isaaclab/source/isaaclab_tasks/isaaclab_tasks/direct/cartpole/agents/skrl_ppo_cfg.yaml
./isaaclab/source/isaaclab_tasks/isaaclab_tasks/direct/cartpole/agents/sb3_ppo_cfg.yaml
./isaaclab/source/isaaclab_tasks/isaaclab_tasks/direct/cartpole/agents/skrl_camera_ppo_cfg.yaml
./isaaclab/source/isaaclab_tasks/isaaclab_tasks/direct/cartpole/agents/rl_games_ppo_cfg.yaml
./isaaclab/source/isaaclab_tasks/isaaclab_tasks/direct/cartpole/agents/__pycache__
./isaaclab/source/isaaclab_tasks/isaaclab_tasks/direct/cartpole/agents/__pycache__/__init__.cpython-311.pyc
./isaaclab/source/isaaclab_tasks/isaaclab_tasks/direct/cartpole/cartpole_env.py
./isaaclab/source/isaaclab_tasks/isaaclab_tasks/direct/cartpole/cartpole_camera_env.py
./isaaclab/source/isaaclab_tasks/isaaclab_tasks/direct/cartpole/__pycache__
./isaaclab/source/isaaclab_tasks/isaaclab_tasks/direct/cartpole/__pycache__/__init__.cpython-311.pyc
./isaaclab/source/isaaclab_tasks/isaaclab_tasks/direct/shadow_hand
./isaaclab/source/isaaclab_tasks/isaaclab_tasks/direct/shadow_hand/__init__.py
./isaaclab/source/isaaclab_tasks/isaaclab_tasks/direct/shadow_hand/agents
./isaaclab/source/isaaclab_tasks/isaaclab_tasks/direct/shadow_hand/agents/__init__.py
./isaaclab/source/isaaclab_tasks/isaaclab_tasks/direct/shadow_hand/agents/rsl_rl_ppo_cfg.py
./isaaclab/source/isaaclab_tasks/isaaclab_tasks/direct/shadow_hand/agents/skrl_ppo_cfg.yaml
./isaaclab/source/isaaclab_tasks/isaaclab_tasks/direct/shadow_hand/agents/rl_games_ppo_ff_cfg.yaml
./isaaclab/source/isaaclab_tasks/isaaclab_tasks/direct/shadow_hand/agents/rl_games_ppo_lstm_cfg.yaml
./isaaclab/source/isaaclab_tasks/isaaclab_tasks/direct/shadow_hand/agents/rl_games_ppo_vision_cfg.yaml
./isaaclab/source/isaaclab_tasks/isaaclab_tasks/direct/shadow_hand/agents/skrl_ff_ppo_cfg.yaml
./isaaclab/source/isaaclab_tasks/isaaclab_tasks/direct/shadow_hand/agents/rl_games_ppo_cfg.yaml
./isaaclab/source/isaaclab_tasks/isaaclab_tasks/direct/shadow_hand/agents/__pycache__
./isaaclab/source/isaaclab_tasks/isaaclab_tasks/direct/shadow_hand/agents/__pycache__/__init__.cpython-311.pyc
./isaaclab/source/isaaclab_tasks/isaaclab_tasks/direct/shadow_hand/shadow_hand_env_cfg.py
./isaaclab/source/isaaclab_tasks/isaaclab_tasks/direct/shadow_hand/shadow_hand_vision_env.py
./isaaclab/source/isaaclab_tasks/isaaclab_tasks/direct/shadow_hand/feature_extractor.py
./isaaclab/source/isaaclab_tasks/isaaclab_tasks/direct/shadow_hand/__pycache__
./isaaclab/source/isaaclab_tasks/isaaclab_tasks/direct/shadow_hand/__pycache__/__init__.cpython-311.pyc
./isaaclab/source/isaaclab_tasks/isaaclab_tasks/direct/shadow_hand_over
./isaaclab/source/isaaclab_tasks/isaaclab_tasks/direct/shadow_hand_over/__init__.py
./isaaclab/source/isaaclab_tasks/isaaclab_tasks/direct/shadow_hand_over/agents
./isaaclab/source/isaaclab_tasks/isaaclab_tasks/direct/shadow_hand_over/agents/__init__.py
./isaaclab/source/isaaclab_tasks/isaaclab_tasks/direct/shadow_hand_over/agents/skrl_ppo_cfg.yaml
./isaaclab/source/isaaclab_tasks/isaaclab_tasks/direct/shadow_hand_over/agents/skrl_ippo_cfg.yaml
./isaaclab/source/isaaclab_tasks/isaaclab_tasks/direct/shadow_hand_over/agents/skrl_mappo_cfg.yaml
./isaaclab/source/isaaclab_tasks/isaaclab_tasks/direct/shadow_hand_over/agents/rl_games_ppo_cfg.yaml
./isaaclab/source/isaaclab_tasks/isaaclab_tasks/direct/shadow_hand_over/agents/__pycache__
./isaaclab/source/isaaclab_tasks/isaaclab_tasks/direct/shadow_hand_over/agents/__pycache__/__init__.cpython-311.pyc
./isaaclab/source/isaaclab_tasks/isaaclab_tasks/direct/shadow_hand_over/shadow_hand_over_env_cfg.py
./isaaclab/source/isaaclab_tasks/isaaclab_tasks/direct/shadow_hand_over/shadow_hand_over_env.py
./isaaclab/source/isaaclab_tasks/isaaclab_tasks/direct/shadow_hand_over/__pycache__
./isaaclab/source/isaaclab_tasks/isaaclab_tasks/direct/shadow_hand_over/__pycache__/__init__.cpython-311.pyc
./isaaclab/source/isaaclab_tasks/isaaclab_tasks/direct/humanoid_amp
./isaaclab/source/isaaclab_tasks/isaaclab_tasks/direct/humanoid_amp/__init__.py
./isaaclab/source/isaaclab_tasks/isaaclab_tasks/direct/humanoid_amp/agents
./isaaclab/source/isaaclab_tasks/isaaclab_tasks/direct/humanoid_amp/agents/__init__.py
./isaaclab/source/isaaclab_tasks/isaaclab_tasks/direct/humanoid_amp/agents/skrl_walk_amp_cfg.yaml
./isaaclab/source/isaaclab_tasks/isaaclab_tasks/direct/humanoid_amp/agents/skrl_dance_amp_cfg.yaml
./isaaclab/source/isaaclab_tasks/isaaclab_tasks/direct/humanoid_amp/agents/skrl_run_amp_cfg.yaml
./isaaclab/source/isaaclab_tasks/isaaclab_tasks/direct/humanoid_amp/agents/__pycache__
./isaaclab/source/isaaclab_tasks/isaaclab_tasks/direct/humanoid_amp/agents/__pycache__/__init__.cpython-311.pyc
./isaaclab/source/isaaclab_tasks/isaaclab_tasks/direct/humanoid_amp/humanoid_amp_env_cfg.py
./isaaclab/source/isaaclab_tasks/isaaclab_tasks/direct/humanoid_amp/humanoid_amp_env.py
./isaaclab/source/isaaclab_tasks/isaaclab_tasks/direct/humanoid_amp/motions
./isaaclab/source/isaaclab_tasks/isaaclab_tasks/direct/humanoid_amp/motions/__init__.py
./isaaclab/source/isaaclab_tasks/isaaclab_tasks/direct/humanoid_amp/motions/humanoid_dance.npz
./isaaclab/source/isaaclab_tasks/isaaclab_tasks/direct/humanoid_amp/motions/humanoid_run.npz
./isaaclab/source/isaaclab_tasks/isaaclab_tasks/direct/humanoid_amp/motions/humanoid_walk.npz
./isaaclab/source/isaaclab_tasks/isaaclab_tasks/direct/humanoid_amp/motions/motion_viewer.py
./isaaclab/source/isaaclab_tasks/isaaclab_tasks/direct/humanoid_amp/motions/motion_loader.py
./isaaclab/source/isaaclab_tasks/isaaclab_tasks/direct/humanoid_amp/motions/README.md
./isaaclab/source/isaaclab_tasks/isaaclab_tasks/direct/humanoid_amp/motions/__pycache__
./isaaclab/source/isaaclab_tasks/isaaclab_tasks/direct/humanoid_amp/motions/__pycache__/__init__.cpython-311.pyc
./isaaclab/source/isaaclab_tasks/isaaclab_tasks/direct/humanoid_amp/motions/__pycache__/motion_loader.cpython-311.pyc
./isaaclab/source/isaaclab_tasks/isaaclab_tasks/direct/humanoid_amp/motions/__pycache__/motion_viewer.cpython-311.pyc
./isaaclab/source/isaaclab_tasks/isaaclab_tasks/direct/humanoid_amp/__pycache__
./isaaclab/source/isaaclab_tasks/isaaclab_tasks/direct/humanoid_amp/__pycache__/__init__.cpython-311.pyc
./isaaclab/source/isaaclab_tasks/isaaclab_tasks/direct/cartpole_showcase
./isaaclab/source/isaaclab_tasks/isaaclab_tasks/direct/cartpole_showcase/__init__.py
./isaaclab/source/isaaclab_tasks/isaaclab_tasks/direct/cartpole_showcase/cartpole
./isaaclab/source/isaaclab_tasks/isaaclab_tasks/direct/cartpole_showcase/cartpole/__init__.py
./isaaclab/source/isaaclab_tasks/isaaclab_tasks/direct/cartpole_showcase/cartpole/agents
./isaaclab/source/isaaclab_tasks/isaaclab_tasks/direct/cartpole_showcase/cartpole/agents/skrl_tuple_discrete_ppo_cfg.yaml
./isaaclab/source/isaaclab_tasks/isaaclab_tasks/direct/cartpole_showcase/cartpole/agents/skrl_box_box_ppo_cfg.yaml
./isaaclab/source/isaaclab_tasks/isaaclab_tasks/direct/cartpole_showcase/cartpole/agents/__init__.py
./isaaclab/source/isaaclab_tasks/isaaclab_tasks/direct/cartpole_showcase/cartpole/agents/skrl_dict_multidiscrete_ppo_cfg.yaml
./isaaclab/source/isaaclab_tasks/isaaclab_tasks/direct/cartpole_showcase/cartpole/agents/skrl_multidiscrete_multidiscrete_ppo_cfg.yaml
./isaaclab/source/isaaclab_tasks/isaaclab_tasks/direct/cartpole_showcase/cartpole/agents/skrl_tuple_box_ppo_cfg.yaml
./isaaclab/source/isaaclab_tasks/isaaclab_tasks/direct/cartpole_showcase/cartpole/agents/skrl_box_multidiscrete_ppo_cfg.yaml
./isaaclab/source/isaaclab_tasks/isaaclab_tasks/direct/cartpole_showcase/cartpole/agents/skrl_discrete_discrete_ppo_cfg.yaml
./isaaclab/source/isaaclab_tasks/isaaclab_tasks/direct/cartpole_showcase/cartpole/agents/skrl_multidiscrete_discrete_ppo_cfg.yaml
./isaaclab/source/isaaclab_tasks/isaaclab_tasks/direct/cartpole_showcase/cartpole/agents/skrl_tuple_multidiscrete_ppo_cfg.yaml
./isaaclab/source/isaaclab_tasks/isaaclab_tasks/direct/cartpole_showcase/cartpole/agents/skrl_discrete_multidiscrete_ppo_cfg.yaml
./isaaclab/source/isaaclab_tasks/isaaclab_tasks/direct/cartpole_showcase/cartpole/agents/skrl_box_discrete_ppo_cfg.yaml
./isaaclab/source/isaaclab_tasks/isaaclab_tasks/direct/cartpole_showcase/cartpole/agents/skrl_multidiscrete_box_ppo_cfg.yaml
./isaaclab/source/isaaclab_tasks/isaaclab_tasks/direct/cartpole_showcase/cartpole/agents/skrl_dict_discrete_ppo_cfg.yaml
./isaaclab/source/isaaclab_tasks/isaaclab_tasks/direct/cartpole_showcase/cartpole/agents/skrl_discrete_box_ppo_cfg.yaml
./isaaclab/source/isaaclab_tasks/isaaclab_tasks/direct/cartpole_showcase/cartpole/agents/skrl_dict_box_ppo_cfg.yaml
./isaaclab/source/isaaclab_tasks/isaaclab_tasks/direct/cartpole_showcase/cartpole/agents/__pycache__
./isaaclab/source/isaaclab_tasks/isaaclab_tasks/direct/cartpole_showcase/cartpole/agents/__pycache__/__init__.cpython-311.pyc
./isaaclab/source/isaaclab_tasks/isaaclab_tasks/direct/cartpole_showcase/cartpole/cartpole_env.py
./isaaclab/source/isaaclab_tasks/isaaclab_tasks/direct/cartpole_showcase/cartpole/cartpole_env_cfg.py
./isaaclab/source/isaaclab_tasks/isaaclab_tasks/direct/cartpole_showcase/cartpole/__pycache__
./isaaclab/source/isaaclab_tasks/isaaclab_tasks/direct/cartpole_showcase/cartpole/__pycache__/__init__.cpython-311.pyc
./isaaclab/source/isaaclab_tasks/isaaclab_tasks/direct/cartpole_showcase/cartpole_camera
./isaaclab/source/isaaclab_tasks/isaaclab_tasks/direct/cartpole_showcase/cartpole_camera/__init__.py
./isaaclab/source/isaaclab_tasks/isaaclab_tasks/direct/cartpole_showcase/cartpole_camera/agents
./isaaclab/source/isaaclab_tasks/isaaclab_tasks/direct/cartpole_showcase/cartpole_camera/agents/skrl_tuple_discrete_ppo_cfg.yaml
./isaaclab/source/isaaclab_tasks/isaaclab_tasks/direct/cartpole_showcase/cartpole_camera/agents/skrl_box_box_ppo_cfg.yaml
./isaaclab/source/isaaclab_tasks/isaaclab_tasks/direct/cartpole_showcase/cartpole_camera/agents/__init__.py
./isaaclab/source/isaaclab_tasks/isaaclab_tasks/direct/cartpole_showcase/cartpole_camera/agents/skrl_dict_multidiscrete_ppo_cfg.yaml
./isaaclab/source/isaaclab_tasks/isaaclab_tasks/direct/cartpole_showcase/cartpole_camera/agents/skrl_tuple_box_ppo_cfg.yaml
./isaaclab/source/isaaclab_tasks/isaaclab_tasks/direct/cartpole_showcase/cartpole_camera/agents/skrl_box_multidiscrete_ppo_cfg.yaml
./isaaclab/source/isaaclab_tasks/isaaclab_tasks/direct/cartpole_showcase/cartpole_camera/agents/skrl_tuple_multidiscrete_ppo_cfg.yaml
./isaaclab/source/isaaclab_tasks/isaaclab_tasks/direct/cartpole_showcase/cartpole_camera/agents/skrl_box_discrete_ppo_cfg.yaml
./isaaclab/source/isaaclab_tasks/isaaclab_tasks/direct/cartpole_showcase/cartpole_camera/agents/skrl_dict_discrete_ppo_cfg.yaml
./isaaclab/source/isaaclab_tasks/isaaclab_tasks/direct/cartpole_showcase/cartpole_camera/agents/skrl_dict_box_ppo_cfg.yaml
./isaaclab/source/isaaclab_tasks/isaaclab_tasks/direct/cartpole_showcase/cartpole_camera/agents/__pycache__
./isaaclab/source/isaaclab_tasks/isaaclab_tasks/direct/cartpole_showcase/cartpole_camera/agents/__pycache__/__init__.cpython-311.pyc
./isaaclab/source/isaaclab_tasks/isaaclab_tasks/direct/cartpole_showcase/cartpole_camera/cartpole_camera_env.py
./isaaclab/source/isaaclab_tasks/isaaclab_tasks/direct/cartpole_showcase/cartpole_camera/cartpole_camera_env_cfg.py
./isaaclab/source/isaaclab_tasks/isaaclab_tasks/direct/cartpole_showcase/cartpole_camera/__pycache__
./isaaclab/source/isaaclab_tasks/isaaclab_tasks/direct/cartpole_showcase/cartpole_camera/__pycache__/__init__.cpython-311.pyc
./isaaclab/source/isaaclab_tasks/isaaclab_tasks/direct/cartpole_showcase/__pycache__
./isaaclab/source/isaaclab_tasks/isaaclab_tasks/direct/cartpole_showcase/__pycache__/__init__.cpython-311.pyc
./isaaclab/source/isaaclab_tasks/isaaclab_tasks/direct/ant
./isaaclab/source/isaaclab_tasks/isaaclab_tasks/direct/ant/__init__.py
./isaaclab/source/isaaclab_tasks/isaaclab_tasks/direct/ant/ant_env.py
./isaaclab/source/isaaclab_tasks/isaaclab_tasks/direct/ant/agents
./isaaclab/source/isaaclab_tasks/isaaclab_tasks/direct/ant/agents/__init__.py
./isaaclab/source/isaaclab_tasks/isaaclab_tasks/direct/ant/agents/rsl_rl_ppo_cfg.py
./isaaclab/source/isaaclab_tasks/isaaclab_tasks/direct/ant/agents/skrl_ppo_cfg.yaml
./isaaclab/source/isaaclab_tasks/isaaclab_tasks/direct/ant/agents/rl_games_ppo_cfg.yaml
./isaaclab/source/isaaclab_tasks/isaaclab_tasks/direct/ant/agents/__pycache__
./isaaclab/source/isaaclab_tasks/isaaclab_tasks/direct/ant/agents/__pycache__/__init__.cpython-311.pyc
./isaaclab/source/isaaclab_tasks/isaaclab_tasks/direct/ant/__pycache__
./isaaclab/source/isaaclab_tasks/isaaclab_tasks/direct/ant/__pycache__/__init__.cpython-311.pyc
./isaaclab/source/isaaclab_tasks/isaaclab_tasks/direct/cart_double_pendulum
./isaaclab/source/isaaclab_tasks/isaaclab_tasks/direct/cart_double_pendulum/__init__.py
./isaaclab/source/isaaclab_tasks/isaaclab_tasks/direct/cart_double_pendulum/cart_double_pendulum_env.py
./isaaclab/source/isaaclab_tasks/isaaclab_tasks/direct/cart_double_pendulum/agents
./isaaclab/source/isaaclab_tasks/isaaclab_tasks/direct/cart_double_pendulum/agents/__init__.py
./isaaclab/source/isaaclab_tasks/isaaclab_tasks/direct/cart_double_pendulum/agents/skrl_ppo_cfg.yaml
./isaaclab/source/isaaclab_tasks/isaaclab_tasks/direct/cart_double_pendulum/agents/skrl_ippo_cfg.yaml
./isaaclab/source/isaaclab_tasks/isaaclab_tasks/direct/cart_double_pendulum/agents/skrl_mappo_cfg.yaml
./isaaclab/source/isaaclab_tasks/isaaclab_tasks/direct/cart_double_pendulum/agents/rl_games_ppo_cfg.yaml
./isaaclab/source/isaaclab_tasks/isaaclab_tasks/direct/cart_double_pendulum/agents/__pycache__
./isaaclab/source/isaaclab_tasks/isaaclab_tasks/direct/cart_double_pendulum/agents/__pycache__/__init__.cpython-311.pyc
./isaaclab/source/isaaclab_tasks/isaaclab_tasks/direct/cart_double_pendulum/__pycache__
./isaaclab/source/isaaclab_tasks/isaaclab_tasks/direct/cart_double_pendulum/__pycache__/__init__.cpython-311.pyc
./isaaclab/source/isaaclab_tasks/isaaclab_tasks/direct/quadcopter
./isaaclab/source/isaaclab_tasks/isaaclab_tasks/direct/quadcopter/__init__.py
./isaaclab/source/isaaclab_tasks/isaaclab_tasks/direct/quadcopter/agents
./isaaclab/source/isaaclab_tasks/isaaclab_tasks/direct/quadcopter/agents/__init__.py
./isaaclab/source/isaaclab_tasks/isaaclab_tasks/direct/quadcopter/agents/rsl_rl_ppo_cfg.py
./isaaclab/source/isaaclab_tasks/isaaclab_tasks/direct/quadcopter/agents/skrl_ppo_cfg.yaml
./isaaclab/source/isaaclab_tasks/isaaclab_tasks/direct/quadcopter/agents/rl_games_ppo_cfg.yaml
./isaaclab/source/isaaclab_tasks/isaaclab_tasks/direct/quadcopter/agents/__pycache__
./isaaclab/source/isaaclab_tasks/isaaclab_tasks/direct/quadcopter/agents/__pycache__/__init__.cpython-311.pyc
./isaaclab/source/isaaclab_tasks/isaaclab_tasks/direct/quadcopter/quadcopter_env.py
./isaaclab/source/isaaclab_tasks/isaaclab_tasks/direct/quadcopter/__pycache__
./isaaclab/source/isaaclab_tasks/isaaclab_tasks/direct/quadcopter/__pycache__/__init__.cpython-311.pyc
./isaaclab/source/isaaclab_tasks/isaaclab_tasks/direct/allegro_hand
./isaaclab/source/isaaclab_tasks/isaaclab_tasks/direct/allegro_hand/__init__.py
./isaaclab/source/isaaclab_tasks/isaaclab_tasks/direct/allegro_hand/agents
./isaaclab/source/isaaclab_tasks/isaaclab_tasks/direct/allegro_hand/agents/__init__.py
./isaaclab/source/isaaclab_tasks/isaaclab_tasks/direct/allegro_hand/agents/rsl_rl_ppo_cfg.py
./isaaclab/source/isaaclab_tasks/isaaclab_tasks/direct/allegro_hand/agents/skrl_ppo_cfg.yaml
./isaaclab/source/isaaclab_tasks/isaaclab_tasks/direct/allegro_hand/agents/rl_games_ppo_cfg.yaml
./isaaclab/source/isaaclab_tasks/isaaclab_tasks/direct/allegro_hand/agents/__pycache__
./isaaclab/source/isaaclab_tasks/isaaclab_tasks/direct/allegro_hand/agents/__pycache__/__init__.cpython-311.pyc
./isaaclab/source/isaaclab_tasks/isaaclab_tasks/direct/allegro_hand/allegro_hand_env_cfg.py
./isaaclab/source/isaaclab_tasks/isaaclab_tasks/direct/allegro_hand/__pycache__
./isaaclab/source/isaaclab_tasks/isaaclab_tasks/direct/allegro_hand/__pycache__/__init__.cpython-311.pyc
./isaaclab/source/isaaclab_tasks/isaaclab_tasks/direct/locomotion
./isaaclab/source/isaaclab_tasks/isaaclab_tasks/direct/locomotion/__init__.py
./isaaclab/source/isaaclab_tasks/isaaclab_tasks/direct/locomotion/locomotion_env.py
./isaaclab/source/isaaclab_tasks/isaaclab_tasks/direct/locomotion/__pycache__
./isaaclab/source/isaaclab_tasks/isaaclab_tasks/direct/locomotion/__pycache__/__init__.cpython-311.pyc
./isaaclab/source/isaaclab_tasks/isaaclab_tasks/direct/humanoid
./isaaclab/source/isaaclab_tasks/isaaclab_tasks/direct/humanoid/humanoid_env.py
./isaaclab/source/isaaclab_tasks/isaaclab_tasks/direct/humanoid/__init__.py
./isaaclab/source/isaaclab_tasks/isaaclab_tasks/direct/humanoid/agents
./isaaclab/source/isaaclab_tasks/isaaclab_tasks/direct/humanoid/agents/__init__.py
./isaaclab/source/isaaclab_tasks/isaaclab_tasks/direct/humanoid/agents/rsl_rl_ppo_cfg.py
./isaaclab/source/isaaclab_tasks/isaaclab_tasks/direct/humanoid/agents/skrl_ppo_cfg.yaml
./isaaclab/source/isaaclab_tasks/isaaclab_tasks/direct/humanoid/agents/rl_games_ppo_cfg.yaml
./isaaclab/source/isaaclab_tasks/isaaclab_tasks/direct/humanoid/agents/__pycache__
./isaaclab/source/isaaclab_tasks/isaaclab_tasks/direct/humanoid/agents/__pycache__/__init__.cpython-311.pyc
./isaaclab/source/isaaclab_tasks/isaaclab_tasks/direct/humanoid/__pycache__
./isaaclab/source/isaaclab_tasks/isaaclab_tasks/direct/humanoid/__pycache__/__init__.cpython-311.pyc
./isaaclab/source/isaaclab_tasks/isaaclab_tasks/direct/inhand_manipulation
./isaaclab/source/isaaclab_tasks/isaaclab_tasks/direct/inhand_manipulation/__init__.py
./isaaclab/source/isaaclab_tasks/isaaclab_tasks/direct/inhand_manipulation/inhand_manipulation_env.py
./isaaclab/source/isaaclab_tasks/isaaclab_tasks/direct/inhand_manipulation/__pycache__
./isaaclab/source/isaaclab_tasks/isaaclab_tasks/direct/inhand_manipulation/__pycache__/__init__.cpython-311.pyc
./isaaclab/source/isaaclab_tasks/isaaclab_tasks/direct/forge
./isaaclab/source/isaaclab_tasks/isaaclab_tasks/direct/forge/forge_env_cfg.py
./isaaclab/source/isaaclab_tasks/isaaclab_tasks/direct/forge/__init__.py
./isaaclab/source/isaaclab_tasks/isaaclab_tasks/direct/forge/forge_env.py
./isaaclab/source/isaaclab_tasks/isaaclab_tasks/direct/forge/forge_utils.py
./isaaclab/source/isaaclab_tasks/isaaclab_tasks/direct/forge/forge_events.py
./isaaclab/source/isaaclab_tasks/isaaclab_tasks/direct/forge/agents
./isaaclab/source/isaaclab_tasks/isaaclab_tasks/direct/forge/agents/__init__.py
./isaaclab/source/isaaclab_tasks/isaaclab_tasks/direct/forge/agents/rl_games_ppo_cfg_nut_thread.yaml
./isaaclab/source/isaaclab_tasks/isaaclab_tasks/direct/forge/agents/rl_games_ppo_cfg.yaml
./isaaclab/source/isaaclab_tasks/isaaclab_tasks/direct/forge/agents/__pycache__
./isaaclab/source/isaaclab_tasks/isaaclab_tasks/direct/forge/agents/__pycache__/__init__.cpython-311.pyc
./isaaclab/source/isaaclab_tasks/isaaclab_tasks/direct/forge/forge_tasks_cfg.py
./isaaclab/source/isaaclab_tasks/isaaclab_tasks/direct/forge/__pycache__
./isaaclab/source/isaaclab_tasks/isaaclab_tasks/direct/forge/__pycache__/__init__.cpython-311.pyc
./isaaclab/source/isaaclab_tasks/isaaclab_tasks/direct/forge/__pycache__/forge_utils.cpython-311.pyc
./isaaclab/source/isaaclab_tasks/isaaclab_tasks/direct/forge/__pycache__/forge_env_cfg.cpython-311.pyc
./isaaclab/source/isaaclab_tasks/isaaclab_tasks/direct/forge/__pycache__/forge_env.cpython-311.pyc
./isaaclab/source/isaaclab_tasks/isaaclab_tasks/direct/forge/__pycache__/forge_tasks_cfg.cpython-311.pyc
./isaaclab/source/isaaclab_tasks/isaaclab_tasks/direct/forge/__pycache__/forge_events.cpython-311.pyc
./isaaclab/source/isaaclab_tasks/isaaclab_tasks/direct/franka_cabinet
./isaaclab/source/isaaclab_tasks/isaaclab_tasks/direct/franka_cabinet/__init__.py
./isaaclab/source/isaaclab_tasks/isaaclab_tasks/direct/franka_cabinet/agents
./isaaclab/source/isaaclab_tasks/isaaclab_tasks/direct/franka_cabinet/agents/__init__.py
./isaaclab/source/isaaclab_tasks/isaaclab_tasks/direct/franka_cabinet/agents/rsl_rl_ppo_cfg.py
./isaaclab/source/isaaclab_tasks/isaaclab_tasks/direct/franka_cabinet/agents/skrl_ppo_cfg.yaml
./isaaclab/source/isaaclab_tasks/isaaclab_tasks/direct/franka_cabinet/agents/rl_games_ppo_cfg.yaml
./isaaclab/source/isaaclab_tasks/isaaclab_tasks/direct/franka_cabinet/agents/__pycache__
./isaaclab/source/isaaclab_tasks/isaaclab_tasks/direct/franka_cabinet/agents/__pycache__/__init__.cpython-311.pyc
./isaaclab/source/isaaclab_tasks/isaaclab_tasks/direct/franka_cabinet/franka_cabinet_env.py
./isaaclab/source/isaaclab_tasks/isaaclab_tasks/direct/franka_cabinet/__pycache__
./isaaclab/source/isaaclab_tasks/isaaclab_tasks/direct/franka_cabinet/__pycache__/__init__.cpython-311.pyc
./isaaclab/source/isaaclab_tasks/isaaclab_tasks/direct/anymal_c
./isaaclab/source/isaaclab_tasks/isaaclab_tasks/direct/anymal_c/__init__.py
./isaaclab/source/isaaclab_tasks/isaaclab_tasks/direct/anymal_c/agents
./isaaclab/source/isaaclab_tasks/isaaclab_tasks/direct/anymal_c/agents/__init__.py
./isaaclab/source/isaaclab_tasks/isaaclab_tasks/direct/anymal_c/agents/rsl_rl_ppo_cfg.py
./isaaclab/source/isaaclab_tasks/isaaclab_tasks/direct/anymal_c/agents/rl_games_flat_ppo_cfg.yaml
./isaaclab/source/isaaclab_tasks/isaaclab_tasks/direct/anymal_c/agents/rl_games_rough_ppo_cfg.yaml
./isaaclab/source/isaaclab_tasks/isaaclab_tasks/direct/anymal_c/agents/skrl_flat_ppo_cfg.yaml
./isaaclab/source/isaaclab_tasks/isaaclab_tasks/direct/anymal_c/agents/skrl_rough_ppo_cfg.yaml
./isaaclab/source/isaaclab_tasks/isaaclab_tasks/direct/anymal_c/agents/__pycache__
./isaaclab/source/isaaclab_tasks/isaaclab_tasks/direct/anymal_c/agents/__pycache__/__init__.cpython-311.pyc
./isaaclab/source/isaaclab_tasks/isaaclab_tasks/direct/anymal_c/anymal_c_env_cfg.py
./isaaclab/source/isaaclab_tasks/isaaclab_tasks/direct/anymal_c/anymal_c_env.py
./isaaclab/source/isaaclab_tasks/isaaclab_tasks/direct/anymal_c/__pycache__
./isaaclab/source/isaaclab_tasks/isaaclab_tasks/direct/anymal_c/__pycache__/__init__.cpython-311.pyc
./isaaclab/source/isaaclab_tasks/isaaclab_tasks/direct/automate
./isaaclab/source/isaaclab_tasks/isaaclab_tasks/direct/automate/__init__.py
./isaaclab/source/isaaclab_tasks/isaaclab_tasks/direct/automate/assembly_env_cfg.py
./isaaclab/source/isaaclab_tasks/isaaclab_tasks/direct/automate/agents
./isaaclab/source/isaaclab_tasks/isaaclab_tasks/direct/automate/agents/__init__.py
./isaaclab/source/isaaclab_tasks/isaaclab_tasks/direct/automate/agents/rl_games_ppo_cfg.yaml
./isaaclab/source/isaaclab_tasks/isaaclab_tasks/direct/automate/agents/__pycache__
./isaaclab/source/isaaclab_tasks/isaaclab_tasks/direct/automate/agents/__pycache__/__init__.cpython-311.pyc
./isaaclab/source/isaaclab_tasks/isaaclab_tasks/direct/automate/assembly_tasks_cfg.py
./isaaclab/source/isaaclab_tasks/isaaclab_tasks/direct/automate/industreal_algo_utils.py
./isaaclab/source/isaaclab_tasks/isaaclab_tasks/direct/automate/factory_control.py
./isaaclab/source/isaaclab_tasks/isaaclab_tasks/direct/automate/automate_algo_utils.py
./isaaclab/source/isaaclab_tasks/isaaclab_tasks/direct/automate/run_disassembly_w_id.py
./isaaclab/source/isaaclab_tasks/isaaclab_tasks/direct/automate/automate_log_utils.py
./isaaclab/source/isaaclab_tasks/isaaclab_tasks/direct/automate/soft_dtw_cuda.py
./isaaclab/source/isaaclab_tasks/isaaclab_tasks/direct/automate/run_w_id.py
./isaaclab/source/isaaclab_tasks/isaaclab_tasks/direct/automate/disassembly_env.py
./isaaclab/source/isaaclab_tasks/isaaclab_tasks/direct/automate/disassembly_env_cfg.py
./isaaclab/source/isaaclab_tasks/isaaclab_tasks/direct/automate/disassembly_tasks_cfg.py
./isaaclab/source/isaaclab_tasks/isaaclab_tasks/direct/automate/assembly_env.py
./isaaclab/source/isaaclab_tasks/isaaclab_tasks/direct/automate/__pycache__
./isaaclab/source/isaaclab_tasks/isaaclab_tasks/direct/automate/__pycache__/__init__.cpython-311.pyc
./isaaclab/source/isaaclab_tasks/isaaclab_tasks/direct/__pycache__
./isaaclab/source/isaaclab_tasks/isaaclab_tasks/direct/__pycache__/__init__.cpython-311.pyc
./isaaclab/source/isaaclab_tasks/isaaclab_tasks/manager_based
./isaaclab/source/isaaclab_tasks/isaaclab_tasks/manager_based/navigation
./isaaclab/source/isaaclab_tasks/isaaclab_tasks/manager_based/navigation/__init__.py
./isaaclab/source/isaaclab_tasks/isaaclab_tasks/manager_based/navigation/config
./isaaclab/source/isaaclab_tasks/isaaclab_tasks/manager_based/navigation/config/__init__.py
./isaaclab/source/isaaclab_tasks/isaaclab_tasks/manager_based/navigation/config/anymal_c
./isaaclab/source/isaaclab_tasks/isaaclab_tasks/manager_based/navigation/config/anymal_c/__init__.py
./isaaclab/source/isaaclab_tasks/isaaclab_tasks/manager_based/navigation/config/anymal_c/navigation_env_cfg.py
./isaaclab/source/isaaclab_tasks/isaaclab_tasks/manager_based/navigation/config/anymal_c/agents
./isaaclab/source/isaaclab_tasks/isaaclab_tasks/manager_based/navigation/config/anymal_c/agents/__init__.py
./isaaclab/source/isaaclab_tasks/isaaclab_tasks/manager_based/navigation/config/anymal_c/agents/rsl_rl_ppo_cfg.py
./isaaclab/source/isaaclab_tasks/isaaclab_tasks/manager_based/navigation/config/anymal_c/agents/skrl_flat_ppo_cfg.yaml
./isaaclab/source/isaaclab_tasks/isaaclab_tasks/manager_based/navigation/config/anymal_c/agents/__pycache__
./isaaclab/source/isaaclab_tasks/isaaclab_tasks/manager_based/navigation/config/anymal_c/agents/__pycache__/__init__.cpython-311.pyc
./isaaclab/source/isaaclab_tasks/isaaclab_tasks/manager_based/navigation/config/anymal_c/__pycache__
./isaaclab/source/isaaclab_tasks/isaaclab_tasks/manager_based/navigation/config/anymal_c/__pycache__/__init__.cpython-311.pyc
./isaaclab/source/isaaclab_tasks/isaaclab_tasks/manager_based/navigation/config/__pycache__
./isaaclab/source/isaaclab_tasks/isaaclab_tasks/manager_based/navigation/config/__pycache__/__init__.cpython-311.pyc
./isaaclab/source/isaaclab_tasks/isaaclab_tasks/manager_based/navigation/mdp
./isaaclab/source/isaaclab_tasks/isaaclab_tasks/manager_based/navigation/mdp/__init__.py
./isaaclab/source/isaaclab_tasks/isaaclab_tasks/manager_based/navigation/mdp/pre_trained_policy_action.py
./isaaclab/source/isaaclab_tasks/isaaclab_tasks/manager_based/navigation/mdp/rewards.py
./isaaclab/source/isaaclab_tasks/isaaclab_tasks/manager_based/navigation/__pycache__
./isaaclab/source/isaaclab_tasks/isaaclab_tasks/manager_based/navigation/__pycache__/__init__.cpython-311.pyc
./isaaclab/source/isaaclab_tasks/isaaclab_tasks/manager_based/__init__.py
./isaaclab/source/isaaclab_tasks/isaaclab_tasks/manager_based/locomanipulation
./isaaclab/source/isaaclab_tasks/isaaclab_tasks/manager_based/locomanipulation/__init__.py
./isaaclab/source/isaaclab_tasks/isaaclab_tasks/manager_based/locomanipulation/tracking
./isaaclab/source/isaaclab_tasks/isaaclab_tasks/manager_based/locomanipulation/tracking/__init__.py
./isaaclab/source/isaaclab_tasks/isaaclab_tasks/manager_based/locomanipulation/tracking/config
./isaaclab/source/isaaclab_tasks/isaaclab_tasks/manager_based/locomanipulation/tracking/config/__init__.py
./isaaclab/source/isaaclab_tasks/isaaclab_tasks/manager_based/locomanipulation/tracking/config/digit
./isaaclab/source/isaaclab_tasks/isaaclab_tasks/manager_based/locomanipulation/tracking/config/digit/__init__.py
./isaaclab/source/isaaclab_tasks/isaaclab_tasks/manager_based/locomanipulation/tracking/config/digit/loco_manip_env_cfg.py
./isaaclab/source/isaaclab_tasks/isaaclab_tasks/manager_based/locomanipulation/tracking/config/digit/agents
./isaaclab/source/isaaclab_tasks/isaaclab_tasks/manager_based/locomanipulation/tracking/config/digit/agents/__init__.py
./isaaclab/source/isaaclab_tasks/isaaclab_tasks/manager_based/locomanipulation/tracking/config/digit/agents/rsl_rl_ppo_cfg.py
./isaaclab/source/isaaclab_tasks/isaaclab_tasks/manager_based/locomanipulation/tracking/config/digit/agents/__pycache__
./isaaclab/source/isaaclab_tasks/isaaclab_tasks/manager_based/locomanipulation/tracking/config/digit/agents/__pycache__/__init__.cpython-311.pyc
./isaaclab/source/isaaclab_tasks/isaaclab_tasks/manager_based/locomanipulation/tracking/config/digit/__pycache__
./isaaclab/source/isaaclab_tasks/isaaclab_tasks/manager_based/locomanipulation/tracking/config/digit/__pycache__/__init__.cpython-311.pyc
./isaaclab/source/isaaclab_tasks/isaaclab_tasks/manager_based/locomanipulation/tracking/config/__pycache__
./isaaclab/source/isaaclab_tasks/isaaclab_tasks/manager_based/locomanipulation/tracking/config/__pycache__/__init__.cpython-311.pyc
./isaaclab/source/isaaclab_tasks/isaaclab_tasks/manager_based/locomanipulation/tracking/__pycache__
./isaaclab/source/isaaclab_tasks/isaaclab_tasks/manager_based/locomanipulation/tracking/__pycache__/__init__.cpython-311.pyc
./isaaclab/source/isaaclab_tasks/isaaclab_tasks/manager_based/locomanipulation/pick_place
./isaaclab/source/isaaclab_tasks/isaaclab_tasks/manager_based/locomanipulation/pick_place/__init__.py
./isaaclab/source/isaaclab_tasks/isaaclab_tasks/manager_based/locomanipulation/pick_place/fixed_base_upper_body_ik_g1_env_cfg.py
./isaaclab/source/isaaclab_tasks/isaaclab_tasks/manager_based/locomanipulation/pick_place/configs
./isaaclab/source/isaaclab_tasks/isaaclab_tasks/manager_based/locomanipulation/pick_place/configs/agile_locomotion_observation_cfg.py
./isaaclab/source/isaaclab_tasks/isaaclab_tasks/manager_based/locomanipulation/pick_place/configs/pink_controller_cfg.py
./isaaclab/source/isaaclab_tasks/isaaclab_tasks/manager_based/locomanipulation/pick_place/configs/action_cfg.py
./isaaclab/source/isaaclab_tasks/isaaclab_tasks/manager_based/locomanipulation/pick_place/agents
./isaaclab/source/isaaclab_tasks/isaaclab_tasks/manager_based/locomanipulation/pick_place/agents/robomimic
./isaaclab/source/isaaclab_tasks/isaaclab_tasks/manager_based/locomanipulation/pick_place/agents/robomimic/bc_rnn_low_dim.json
./isaaclab/source/isaaclab_tasks/isaaclab_tasks/manager_based/locomanipulation/pick_place/mdp
./isaaclab/source/isaaclab_tasks/isaaclab_tasks/manager_based/locomanipulation/pick_place/mdp/__init__.py
./isaaclab/source/isaaclab_tasks/isaaclab_tasks/manager_based/locomanipulation/pick_place/mdp/observations.py
./isaaclab/source/isaaclab_tasks/isaaclab_tasks/manager_based/locomanipulation/pick_place/mdp/actions.py
./isaaclab/source/isaaclab_tasks/isaaclab_tasks/manager_based/locomanipulation/pick_place/locomanipulation_g1_env_cfg.py
./isaaclab/source/isaaclab_tasks/isaaclab_tasks/manager_based/locomanipulation/__pycache__
./isaaclab/source/isaaclab_tasks/isaaclab_tasks/manager_based/locomanipulation/__pycache__/__init__.cpython-311.pyc
./isaaclab/source/isaaclab_tasks/isaaclab_tasks/manager_based/manipulation
./isaaclab/source/isaaclab_tasks/isaaclab_tasks/manager_based/manipulation/dexsuite
./isaaclab/source/isaaclab_tasks/isaaclab_tasks/manager_based/manipulation/dexsuite/__init__.py
./isaaclab/source/isaaclab_tasks/isaaclab_tasks/manager_based/manipulation/dexsuite/dexsuite_env_cfg.py
./isaaclab/source/isaaclab_tasks/isaaclab_tasks/manager_based/manipulation/dexsuite/config
./isaaclab/source/isaaclab_tasks/isaaclab_tasks/manager_based/manipulation/dexsuite/config/kuka_allegro
./isaaclab/source/isaaclab_tasks/isaaclab_tasks/manager_based/manipulation/dexsuite/config/kuka_allegro/__init__.py
./isaaclab/source/isaaclab_tasks/isaaclab_tasks/manager_based/manipulation/dexsuite/config/kuka_allegro/agents
./isaaclab/source/isaaclab_tasks/isaaclab_tasks/manager_based/manipulation/dexsuite/config/kuka_allegro/agents/__init__.py
./isaaclab/source/isaaclab_tasks/isaaclab_tasks/manager_based/manipulation/dexsuite/config/kuka_allegro/agents/rsl_rl_ppo_cfg.py
./isaaclab/source/isaaclab_tasks/isaaclab_tasks/manager_based/manipulation/dexsuite/config/kuka_allegro/agents/rl_games_ppo_cfg.yaml
./isaaclab/source/isaaclab_tasks/isaaclab_tasks/manager_based/manipulation/dexsuite/config/kuka_allegro/agents/__pycache__
./isaaclab/source/isaaclab_tasks/isaaclab_tasks/manager_based/manipulation/dexsuite/config/kuka_allegro/agents/__pycache__/__init__.cpython-311.pyc
./isaaclab/source/isaaclab_tasks/isaaclab_tasks/manager_based/manipulation/dexsuite/config/kuka_allegro/dexsuite_kuka_allegro_env_cfg.py
./isaaclab/source/isaaclab_tasks/isaaclab_tasks/manager_based/manipulation/dexsuite/config/kuka_allegro/__pycache__
./isaaclab/source/isaaclab_tasks/isaaclab_tasks/manager_based/manipulation/dexsuite/config/kuka_allegro/__pycache__/__init__.cpython-311.pyc
./isaaclab/source/isaaclab_tasks/isaaclab_tasks/manager_based/manipulation/dexsuite/config/__init__.py
./isaaclab/source/isaaclab_tasks/isaaclab_tasks/manager_based/manipulation/dexsuite/config/__pycache__
./isaaclab/source/isaaclab_tasks/isaaclab_tasks/manager_based/manipulation/dexsuite/config/__pycache__/__init__.cpython-311.pyc
./isaaclab/source/isaaclab_tasks/isaaclab_tasks/manager_based/manipulation/dexsuite/adr_curriculum.py
./isaaclab/source/isaaclab_tasks/isaaclab_tasks/manager_based/manipulation/dexsuite/mdp
./isaaclab/source/isaaclab_tasks/isaaclab_tasks/manager_based/manipulation/dexsuite/mdp/__init__.py
./isaaclab/source/isaaclab_tasks/isaaclab_tasks/manager_based/manipulation/dexsuite/mdp/observations.py
./isaaclab/source/isaaclab_tasks/isaaclab_tasks/manager_based/manipulation/dexsuite/mdp/utils.py
./isaaclab/source/isaaclab_tasks/isaaclab_tasks/manager_based/manipulation/dexsuite/mdp/commands
./isaaclab/source/isaaclab_tasks/isaaclab_tasks/manager_based/manipulation/dexsuite/mdp/commands/__init__.py
./isaaclab/source/isaaclab_tasks/isaaclab_tasks/manager_based/manipulation/dexsuite/mdp/commands/pose_commands_cfg.py
./isaaclab/source/isaaclab_tasks/isaaclab_tasks/manager_based/manipulation/dexsuite/mdp/commands/pose_commands.py
./isaaclab/source/isaaclab_tasks/isaaclab_tasks/manager_based/manipulation/dexsuite/mdp/terminations.py
./isaaclab/source/isaaclab_tasks/isaaclab_tasks/manager_based/manipulation/dexsuite/mdp/curriculums.py
./isaaclab/source/isaaclab_tasks/isaaclab_tasks/manager_based/manipulation/dexsuite/mdp/rewards.py
./isaaclab/source/isaaclab_tasks/isaaclab_tasks/manager_based/manipulation/dexsuite/__pycache__
./isaaclab/source/isaaclab_tasks/isaaclab_tasks/manager_based/manipulation/dexsuite/__pycache__/__init__.cpython-311.pyc
./isaaclab/source/isaaclab_tasks/isaaclab_tasks/manager_based/manipulation/__init__.py
./isaaclab/source/isaaclab_tasks/isaaclab_tasks/manager_based/manipulation/inhand
./isaaclab/source/isaaclab_tasks/isaaclab_tasks/manager_based/manipulation/inhand/__init__.py
./isaaclab/source/isaaclab_tasks/isaaclab_tasks/manager_based/manipulation/inhand/config
./isaaclab/source/isaaclab_tasks/isaaclab_tasks/manager_based/manipulation/inhand/config/__init__.py
./isaaclab/source/isaaclab_tasks/isaaclab_tasks/manager_based/manipulation/inhand/config/allegro_hand
./isaaclab/source/isaaclab_tasks/isaaclab_tasks/manager_based/manipulation/inhand/config/allegro_hand/__init__.py
./isaaclab/source/isaaclab_tasks/isaaclab_tasks/manager_based/manipulation/inhand/config/allegro_hand/allegro_env_cfg.py
./isaaclab/source/isaaclab_tasks/isaaclab_tasks/manager_based/manipulation/inhand/config/allegro_hand/agents
./isaaclab/source/isaaclab_tasks/isaaclab_tasks/manager_based/manipulation/inhand/config/allegro_hand/agents/__init__.py
./isaaclab/source/isaaclab_tasks/isaaclab_tasks/manager_based/manipulation/inhand/config/allegro_hand/agents/rsl_rl_ppo_cfg.py
./isaaclab/source/isaaclab_tasks/isaaclab_tasks/manager_based/manipulation/inhand/config/allegro_hand/agents/skrl_ppo_cfg.yaml
./isaaclab/source/isaaclab_tasks/isaaclab_tasks/manager_based/manipulation/inhand/config/allegro_hand/agents/rl_games_ppo_cfg.yaml
./isaaclab/source/isaaclab_tasks/isaaclab_tasks/manager_based/manipulation/inhand/config/allegro_hand/agents/__pycache__
./isaaclab/source/isaaclab_tasks/isaaclab_tasks/manager_based/manipulation/inhand/config/allegro_hand/agents/__pycache__/__init__.cpython-311.pyc
./isaaclab/source/isaaclab_tasks/isaaclab_tasks/manager_based/manipulation/inhand/config/allegro_hand/__pycache__
./isaaclab/source/isaaclab_tasks/isaaclab_tasks/manager_based/manipulation/inhand/config/allegro_hand/__pycache__/__init__.cpython-311.pyc
./isaaclab/source/isaaclab_tasks/isaaclab_tasks/manager_based/manipulation/inhand/config/__pycache__
./isaaclab/source/isaaclab_tasks/isaaclab_tasks/manager_based/manipulation/inhand/config/__pycache__/__init__.cpython-311.pyc
./isaaclab/source/isaaclab_tasks/isaaclab_tasks/manager_based/manipulation/inhand/inhand_env_cfg.py
./isaaclab/source/isaaclab_tasks/isaaclab_tasks/manager_based/manipulation/inhand/mdp
./isaaclab/source/isaaclab_tasks/isaaclab_tasks/manager_based/manipulation/inhand/mdp/__init__.py
./isaaclab/source/isaaclab_tasks/isaaclab_tasks/manager_based/manipulation/inhand/mdp/events.py
./isaaclab/source/isaaclab_tasks/isaaclab_tasks/manager_based/manipulation/inhand/mdp/observations.py
./isaaclab/source/isaaclab_tasks/isaaclab_tasks/manager_based/manipulation/inhand/mdp/commands
./isaaclab/source/isaaclab_tasks/isaaclab_tasks/manager_based/manipulation/inhand/mdp/commands/__init__.py
./isaaclab/source/isaaclab_tasks/isaaclab_tasks/manager_based/manipulation/inhand/mdp/commands/orientation_command.py
./isaaclab/source/isaaclab_tasks/isaaclab_tasks/manager_based/manipulation/inhand/mdp/commands/commands_cfg.py
./isaaclab/source/isaaclab_tasks/isaaclab_tasks/manager_based/manipulation/inhand/mdp/terminations.py
./isaaclab/source/isaaclab_tasks/isaaclab_tasks/manager_based/manipulation/inhand/mdp/rewards.py
./isaaclab/source/isaaclab_tasks/isaaclab_tasks/manager_based/manipulation/inhand/__pycache__
./isaaclab/source/isaaclab_tasks/isaaclab_tasks/manager_based/manipulation/inhand/__pycache__/__init__.cpython-311.pyc
./isaaclab/source/isaaclab_tasks/isaaclab_tasks/manager_based/manipulation/reach
./isaaclab/source/isaaclab_tasks/isaaclab_tasks/manager_based/manipulation/reach/reach_env_cfg.py
./isaaclab/source/isaaclab_tasks/isaaclab_tasks/manager_based/manipulation/reach/__init__.py
./isaaclab/source/isaaclab_tasks/isaaclab_tasks/manager_based/manipulation/reach/config
./isaaclab/source/isaaclab_tasks/isaaclab_tasks/manager_based/manipulation/reach/config/__init__.py
./isaaclab/source/isaaclab_tasks/isaaclab_tasks/manager_based/manipulation/reach/config/franka
./isaaclab/source/isaaclab_tasks/isaaclab_tasks/manager_based/manipulation/reach/config/franka/osc_env_cfg.py
./isaaclab/source/isaaclab_tasks/isaaclab_tasks/manager_based/manipulation/reach/config/franka/__init__.py
./isaaclab/source/isaaclab_tasks/isaaclab_tasks/manager_based/manipulation/reach/config/franka/agents
./isaaclab/source/isaaclab_tasks/isaaclab_tasks/manager_based/manipulation/reach/config/franka/agents/__init__.py
./isaaclab/source/isaaclab_tasks/isaaclab_tasks/manager_based/manipulation/reach/config/franka/agents/rsl_rl_ppo_cfg.py
./isaaclab/source/isaaclab_tasks/isaaclab_tasks/manager_based/manipulation/reach/config/franka/agents/skrl_ppo_cfg.yaml
./isaaclab/source/isaaclab_tasks/isaaclab_tasks/manager_based/manipulation/reach/config/franka/agents/rl_games_ppo_cfg.yaml
./isaaclab/source/isaaclab_tasks/isaaclab_tasks/manager_based/manipulation/reach/config/franka/agents/__pycache__
./isaaclab/source/isaaclab_tasks/isaaclab_tasks/manager_based/manipulation/reach/config/franka/agents/__pycache__/__init__.cpython-311.pyc
./isaaclab/source/isaaclab_tasks/isaaclab_tasks/manager_based/manipulation/reach/config/franka/ik_abs_env_cfg.py
./isaaclab/source/isaaclab_tasks/isaaclab_tasks/manager_based/manipulation/reach/config/franka/joint_pos_env_cfg.py
./isaaclab/source/isaaclab_tasks/isaaclab_tasks/manager_based/manipulation/reach/config/franka/ik_rel_env_cfg.py
./isaaclab/source/isaaclab_tasks/isaaclab_tasks/manager_based/manipulation/reach/config/franka/__pycache__
./isaaclab/source/isaaclab_tasks/isaaclab_tasks/manager_based/manipulation/reach/config/franka/__pycache__/__init__.cpython-311.pyc
./isaaclab/source/isaaclab_tasks/isaaclab_tasks/manager_based/manipulation/reach/config/ur_10
./isaaclab/source/isaaclab_tasks/isaaclab_tasks/manager_based/manipulation/reach/config/ur_10/__init__.py
./isaaclab/source/isaaclab_tasks/isaaclab_tasks/manager_based/manipulation/reach/config/ur_10/agents
./isaaclab/source/isaaclab_tasks/isaaclab_tasks/manager_based/manipulation/reach/config/ur_10/agents/__init__.py
./isaaclab/source/isaaclab_tasks/isaaclab_tasks/manager_based/manipulation/reach/config/ur_10/agents/rsl_rl_ppo_cfg.py
./isaaclab/source/isaaclab_tasks/isaaclab_tasks/manager_based/manipulation/reach/config/ur_10/agents/skrl_ppo_cfg.yaml
./isaaclab/source/isaaclab_tasks/isaaclab_tasks/manager_based/manipulation/reach/config/ur_10/agents/rl_games_ppo_cfg.yaml
./isaaclab/source/isaaclab_tasks/isaaclab_tasks/manager_based/manipulation/reach/config/ur_10/agents/__pycache__
./isaaclab/source/isaaclab_tasks/isaaclab_tasks/manager_based/manipulation/reach/config/ur_10/agents/__pycache__/__init__.cpython-311.pyc
./isaaclab/source/isaaclab_tasks/isaaclab_tasks/manager_based/manipulation/reach/config/ur_10/joint_pos_env_cfg.py
./isaaclab/source/isaaclab_tasks/isaaclab_tasks/manager_based/manipulation/reach/config/ur_10/__pycache__
./isaaclab/source/isaaclab_tasks/isaaclab_tasks/manager_based/manipulation/reach/config/ur_10/__pycache__/__init__.cpython-311.pyc
./isaaclab/source/isaaclab_tasks/isaaclab_tasks/manager_based/manipulation/reach/config/__pycache__
./isaaclab/source/isaaclab_tasks/isaaclab_tasks/manager_based/manipulation/reach/config/__pycache__/__init__.cpython-311.pyc
./isaaclab/source/isaaclab_tasks/isaaclab_tasks/manager_based/manipulation/reach/mdp
./isaaclab/source/isaaclab_tasks/isaaclab_tasks/manager_based/manipulation/reach/mdp/__init__.py
./isaaclab/source/isaaclab_tasks/isaaclab_tasks/manager_based/manipulation/reach/mdp/rewards.py
./isaaclab/source/isaaclab_tasks/isaaclab_tasks/manager_based/manipulation/reach/__pycache__
./isaaclab/source/isaaclab_tasks/isaaclab_tasks/manager_based/manipulation/reach/__pycache__/__init__.cpython-311.pyc
./isaaclab/source/isaaclab_tasks/isaaclab_tasks/manager_based/manipulation/stack
./isaaclab/source/isaaclab_tasks/isaaclab_tasks/manager_based/manipulation/stack/__init__.py
./isaaclab/source/isaaclab_tasks/isaaclab_tasks/manager_based/manipulation/stack/config
./isaaclab/source/isaaclab_tasks/isaaclab_tasks/manager_based/manipulation/stack/config/__init__.py
./isaaclab/source/isaaclab_tasks/isaaclab_tasks/manager_based/manipulation/stack/config/franka
./isaaclab/source/isaaclab_tasks/isaaclab_tasks/manager_based/manipulation/stack/config/franka/stack_ik_rel_visuomotor_cosmos_env_cfg.py
./isaaclab/source/isaaclab_tasks/isaaclab_tasks/manager_based/manipulation/stack/config/franka/__init__.py
./isaaclab/source/isaaclab_tasks/isaaclab_tasks/manager_based/manipulation/stack/config/franka/stack_ik_rel_env_cfg.py
./isaaclab/source/isaaclab_tasks/isaaclab_tasks/manager_based/manipulation/stack/config/franka/stack_ik_rel_blueprint_env_cfg.py
./isaaclab/source/isaaclab_tasks/isaaclab_tasks/manager_based/manipulation/stack/config/franka/agents
./isaaclab/source/isaaclab_tasks/isaaclab_tasks/manager_based/manipulation/stack/config/franka/agents/__init__.py
./isaaclab/source/isaaclab_tasks/isaaclab_tasks/manager_based/manipulation/stack/config/franka/agents/robomimic
./isaaclab/source/isaaclab_tasks/isaaclab_tasks/manager_based/manipulation/stack/config/franka/agents/robomimic/bc_rnn_low_dim.json
./isaaclab/source/isaaclab_tasks/isaaclab_tasks/manager_based/manipulation/stack/config/franka/agents/robomimic/bc_rnn_image_84.json
./isaaclab/source/isaaclab_tasks/isaaclab_tasks/manager_based/manipulation/stack/config/franka/agents/robomimic/bc_rnn_image_cosmos.json
./isaaclab/source/isaaclab_tasks/isaaclab_tasks/manager_based/manipulation/stack/config/franka/agents/__pycache__
./isaaclab/source/isaaclab_tasks/isaaclab_tasks/manager_based/manipulation/stack/config/franka/agents/__pycache__/__init__.cpython-311.pyc
./isaaclab/source/isaaclab_tasks/isaaclab_tasks/manager_based/manipulation/stack/config/franka/stack_ik_rel_visuomotor_env_cfg.py
./isaaclab/source/isaaclab_tasks/isaaclab_tasks/manager_based/manipulation/stack/config/franka/stack_joint_pos_env_cfg.py
./isaaclab/source/isaaclab_tasks/isaaclab_tasks/manager_based/manipulation/stack/config/franka/stack_ik_abs_env_cfg.py
./isaaclab/source/isaaclab_tasks/isaaclab_tasks/manager_based/manipulation/stack/config/franka/stack_ik_rel_instance_randomize_env_cfg.py
./isaaclab/source/isaaclab_tasks/isaaclab_tasks/manager_based/manipulation/stack/config/franka/stack_joint_pos_instance_randomize_env_cfg.py
./isaaclab/source/isaaclab_tasks/isaaclab_tasks/manager_based/manipulation/stack/config/franka/stack_ik_rel_env_cfg_skillgen.py
./isaaclab/source/isaaclab_tasks/isaaclab_tasks/manager_based/manipulation/stack/config/franka/bin_stack_ik_rel_env_cfg.py
./isaaclab/source/isaaclab_tasks/isaaclab_tasks/manager_based/manipulation/stack/config/franka/bin_stack_joint_pos_env_cfg.py
./isaaclab/source/isaaclab_tasks/isaaclab_tasks/manager_based/manipulation/stack/config/franka/__pycache__
./isaaclab/source/isaaclab_tasks/isaaclab_tasks/manager_based/manipulation/stack/config/franka/__pycache__/__init__.cpython-311.pyc
./isaaclab/source/isaaclab_tasks/isaaclab_tasks/manager_based/manipulation/stack/config/franka/__pycache__/stack_ik_rel_instance_randomize_env_cfg.cpython-311.pyc
./isaaclab/source/isaaclab_tasks/isaaclab_tasks/manager_based/manipulation/stack/config/franka/__pycache__/bin_stack_joint_pos_env_cfg.cpython-311.pyc
./isaaclab/source/isaaclab_tasks/isaaclab_tasks/manager_based/manipulation/stack/config/franka/__pycache__/stack_ik_abs_env_cfg.cpython-311.pyc
./isaaclab/source/isaaclab_tasks/isaaclab_tasks/manager_based/manipulation/stack/config/franka/__pycache__/stack_ik_rel_visuomotor_cosmos_env_cfg.cpython-311.pyc
./isaaclab/source/isaaclab_tasks/isaaclab_tasks/manager_based/manipulation/stack/config/franka/__pycache__/stack_joint_pos_env_cfg.cpython-311.pyc
./isaaclab/source/isaaclab_tasks/isaaclab_tasks/manager_based/manipulation/stack/config/franka/__pycache__/stack_ik_rel_env_cfg_skillgen.cpython-311.pyc
./isaaclab/source/isaaclab_tasks/isaaclab_tasks/manager_based/manipulation/stack/config/franka/__pycache__/stack_ik_rel_visuomotor_env_cfg.cpython-311.pyc
./isaaclab/source/isaaclab_tasks/isaaclab_tasks/manager_based/manipulation/stack/config/franka/__pycache__/stack_joint_pos_instance_randomize_env_cfg.cpython-311.pyc
./isaaclab/source/isaaclab_tasks/isaaclab_tasks/manager_based/manipulation/stack/config/franka/__pycache__/stack_ik_rel_env_cfg.cpython-311.pyc
./isaaclab/source/isaaclab_tasks/isaaclab_tasks/manager_based/manipulation/stack/config/franka/__pycache__/bin_stack_ik_rel_env_cfg.cpython-311.pyc
./isaaclab/source/isaaclab_tasks/isaaclab_tasks/manager_based/manipulation/stack/config/franka/__pycache__/stack_ik_rel_blueprint_env_cfg.cpython-311.pyc
./isaaclab/source/isaaclab_tasks/isaaclab_tasks/manager_based/manipulation/stack/config/ur10_gripper
./isaaclab/source/isaaclab_tasks/isaaclab_tasks/manager_based/manipulation/stack/config/ur10_gripper/__init__.py
./isaaclab/source/isaaclab_tasks/isaaclab_tasks/manager_based/manipulation/stack/config/ur10_gripper/stack_ik_rel_env_cfg.py
./isaaclab/source/isaaclab_tasks/isaaclab_tasks/manager_based/manipulation/stack/config/ur10_gripper/stack_joint_pos_env_cfg.py
./isaaclab/source/isaaclab_tasks/isaaclab_tasks/manager_based/manipulation/stack/config/ur10_gripper/__pycache__
./isaaclab/source/isaaclab_tasks/isaaclab_tasks/manager_based/manipulation/stack/config/ur10_gripper/__pycache__/__init__.cpython-311.pyc
./isaaclab/source/isaaclab_tasks/isaaclab_tasks/manager_based/manipulation/stack/config/galbot
./isaaclab/source/isaaclab_tasks/isaaclab_tasks/manager_based/manipulation/stack/config/galbot/__init__.py
./isaaclab/source/isaaclab_tasks/isaaclab_tasks/manager_based/manipulation/stack/config/galbot/stack_joint_pos_env_cfg.py
./isaaclab/source/isaaclab_tasks/isaaclab_tasks/manager_based/manipulation/stack/config/galbot/stack_rmp_rel_env_cfg.py
./isaaclab/source/isaaclab_tasks/isaaclab_tasks/manager_based/manipulation/stack/config/galbot/__pycache__
./isaaclab/source/isaaclab_tasks/isaaclab_tasks/manager_based/manipulation/stack/config/galbot/__pycache__/__init__.cpython-311.pyc
./isaaclab/source/isaaclab_tasks/isaaclab_tasks/manager_based/manipulation/stack/config/__pycache__
./isaaclab/source/isaaclab_tasks/isaaclab_tasks/manager_based/manipulation/stack/config/__pycache__/__init__.cpython-311.pyc
./isaaclab/source/isaaclab_tasks/isaaclab_tasks/manager_based/manipulation/stack/stack_instance_randomize_env_cfg.py
./isaaclab/source/isaaclab_tasks/isaaclab_tasks/manager_based/manipulation/stack/stack_env_cfg.py
./isaaclab/source/isaaclab_tasks/isaaclab_tasks/manager_based/manipulation/stack/mdp
./isaaclab/source/isaaclab_tasks/isaaclab_tasks/manager_based/manipulation/stack/mdp/__init__.py
./isaaclab/source/isaaclab_tasks/isaaclab_tasks/manager_based/manipulation/stack/mdp/franka_stack_events.py
./isaaclab/source/isaaclab_tasks/isaaclab_tasks/manager_based/manipulation/stack/mdp/observations.py
./isaaclab/source/isaaclab_tasks/isaaclab_tasks/manager_based/manipulation/stack/mdp/terminations.py
./isaaclab/source/isaaclab_tasks/isaaclab_tasks/manager_based/manipulation/stack/mdp/__pycache__
./isaaclab/source/isaaclab_tasks/isaaclab_tasks/manager_based/manipulation/stack/mdp/__pycache__/__init__.cpython-311.pyc
./isaaclab/source/isaaclab_tasks/isaaclab_tasks/manager_based/manipulation/stack/mdp/__pycache__/franka_stack_events.cpython-311.pyc
./isaaclab/source/isaaclab_tasks/isaaclab_tasks/manager_based/manipulation/stack/mdp/__pycache__/observations.cpython-311.pyc
./isaaclab/source/isaaclab_tasks/isaaclab_tasks/manager_based/manipulation/stack/mdp/__pycache__/terminations.cpython-311.pyc
./isaaclab/source/isaaclab_tasks/isaaclab_tasks/manager_based/manipulation/stack/__pycache__
./isaaclab/source/isaaclab_tasks/isaaclab_tasks/manager_based/manipulation/stack/__pycache__/__init__.cpython-311.pyc
./isaaclab/source/isaaclab_tasks/isaaclab_tasks/manager_based/manipulation/stack/__pycache__/stack_env_cfg.cpython-311.pyc
./isaaclab/source/isaaclab_tasks/isaaclab_tasks/manager_based/manipulation/stack/__pycache__/stack_instance_randomize_env_cfg.cpython-311.pyc
./isaaclab/source/isaaclab_tasks/isaaclab_tasks/manager_based/manipulation/lift
./isaaclab/source/isaaclab_tasks/isaaclab_tasks/manager_based/manipulation/lift/__init__.py
./isaaclab/source/isaaclab_tasks/isaaclab_tasks/manager_based/manipulation/lift/config
./isaaclab/source/isaaclab_tasks/isaaclab_tasks/manager_based/manipulation/lift/config/__init__.py
./isaaclab/source/isaaclab_tasks/isaaclab_tasks/manager_based/manipulation/lift/config/franka
./isaaclab/source/isaaclab_tasks/isaaclab_tasks/manager_based/manipulation/lift/config/franka/__init__.py
./isaaclab/source/isaaclab_tasks/isaaclab_tasks/manager_based/manipulation/lift/config/franka/agents
./isaaclab/source/isaaclab_tasks/isaaclab_tasks/manager_based/manipulation/lift/config/franka/agents/__init__.py
./isaaclab/source/isaaclab_tasks/isaaclab_tasks/manager_based/manipulation/lift/config/franka/agents/rsl_rl_ppo_cfg.py
./isaaclab/source/isaaclab_tasks/isaaclab_tasks/manager_based/manipulation/lift/config/franka/agents/robomimic
./isaaclab/source/isaaclab_tasks/isaaclab_tasks/manager_based/manipulation/lift/config/franka/agents/robomimic/bc.json
./isaaclab/source/isaaclab_tasks/isaaclab_tasks/manager_based/manipulation/lift/config/franka/agents/robomimic/bcq.json
./isaaclab/source/isaaclab_tasks/isaaclab_tasks/manager_based/manipulation/lift/config/franka/agents/skrl_ppo_cfg.yaml
./isaaclab/source/isaaclab_tasks/isaaclab_tasks/manager_based/manipulation/lift/config/franka/agents/sb3_ppo_cfg.yaml
./isaaclab/source/isaaclab_tasks/isaaclab_tasks/manager_based/manipulation/lift/config/franka/agents/rl_games_ppo_cfg.yaml
./isaaclab/source/isaaclab_tasks/isaaclab_tasks/manager_based/manipulation/lift/config/franka/agents/__pycache__
./isaaclab/source/isaaclab_tasks/isaaclab_tasks/manager_based/manipulation/lift/config/franka/agents/__pycache__/__init__.cpython-311.pyc
./isaaclab/source/isaaclab_tasks/isaaclab_tasks/manager_based/manipulation/lift/config/franka/ik_abs_env_cfg.py
./isaaclab/source/isaaclab_tasks/isaaclab_tasks/manager_based/manipulation/lift/config/franka/joint_pos_env_cfg.py
./isaaclab/source/isaaclab_tasks/isaaclab_tasks/manager_based/manipulation/lift/config/franka/ik_rel_env_cfg.py
./isaaclab/source/isaaclab_tasks/isaaclab_tasks/manager_based/manipulation/lift/config/franka/__pycache__
./isaaclab/source/isaaclab_tasks/isaaclab_tasks/manager_based/manipulation/lift/config/franka/__pycache__/__init__.cpython-311.pyc
./isaaclab/source/isaaclab_tasks/isaaclab_tasks/manager_based/manipulation/lift/config/__pycache__
./isaaclab/source/isaaclab_tasks/isaaclab_tasks/manager_based/manipulation/lift/config/__pycache__/__init__.cpython-311.pyc
./isaaclab/source/isaaclab_tasks/isaaclab_tasks/manager_based/manipulation/lift/lift_env_cfg.py
./isaaclab/source/isaaclab_tasks/isaaclab_tasks/manager_based/manipulation/lift/mdp
./isaaclab/source/isaaclab_tasks/isaaclab_tasks/manager_based/manipulation/lift/mdp/__init__.py
./isaaclab/source/isaaclab_tasks/isaaclab_tasks/manager_based/manipulation/lift/mdp/observations.py
./isaaclab/source/isaaclab_tasks/isaaclab_tasks/manager_based/manipulation/lift/mdp/terminations.py
./isaaclab/source/isaaclab_tasks/isaaclab_tasks/manager_based/manipulation/lift/mdp/rewards.py
./isaaclab/source/isaaclab_tasks/isaaclab_tasks/manager_based/manipulation/lift/__pycache__
./isaaclab/source/isaaclab_tasks/isaaclab_tasks/manager_based/manipulation/lift/__pycache__/__init__.cpython-311.pyc
./isaaclab/source/isaaclab_tasks/isaaclab_tasks/manager_based/manipulation/deploy
./isaaclab/source/isaaclab_tasks/isaaclab_tasks/manager_based/manipulation/deploy/__init__.py
./isaaclab/source/isaaclab_tasks/isaaclab_tasks/manager_based/manipulation/deploy/reach
./isaaclab/source/isaaclab_tasks/isaaclab_tasks/manager_based/manipulation/deploy/reach/reach_env_cfg.py
./isaaclab/source/isaaclab_tasks/isaaclab_tasks/manager_based/manipulation/deploy/reach/__init__.py
./isaaclab/source/isaaclab_tasks/isaaclab_tasks/manager_based/manipulation/deploy/reach/config
./isaaclab/source/isaaclab_tasks/isaaclab_tasks/manager_based/manipulation/deploy/reach/config/ur_10e
./isaaclab/source/isaaclab_tasks/isaaclab_tasks/manager_based/manipulation/deploy/reach/config/ur_10e/__init__.py
./isaaclab/source/isaaclab_tasks/isaaclab_tasks/manager_based/manipulation/deploy/reach/config/ur_10e/ros_inference_env_cfg.py
./isaaclab/source/isaaclab_tasks/isaaclab_tasks/manager_based/manipulation/deploy/reach/config/ur_10e/agents
./isaaclab/source/isaaclab_tasks/isaaclab_tasks/manager_based/manipulation/deploy/reach/config/ur_10e/agents/__init__.py
./isaaclab/source/isaaclab_tasks/isaaclab_tasks/manager_based/manipulation/deploy/reach/config/ur_10e/agents/rsl_rl_ppo_cfg.py
./isaaclab/source/isaaclab_tasks/isaaclab_tasks/manager_based/manipulation/deploy/reach/config/ur_10e/agents/__pycache__
./isaaclab/source/isaaclab_tasks/isaaclab_tasks/manager_based/manipulation/deploy/reach/config/ur_10e/agents/__pycache__/__init__.cpython-311.pyc
./isaaclab/source/isaaclab_tasks/isaaclab_tasks/manager_based/manipulation/deploy/reach/config/ur_10e/joint_pos_env_cfg.py
./isaaclab/source/isaaclab_tasks/isaaclab_tasks/manager_based/manipulation/deploy/reach/config/ur_10e/__pycache__
./isaaclab/source/isaaclab_tasks/isaaclab_tasks/manager_based/manipulation/deploy/reach/config/ur_10e/__pycache__/__init__.cpython-311.pyc
./isaaclab/source/isaaclab_tasks/isaaclab_tasks/manager_based/manipulation/deploy/reach/config/__init__.py
./isaaclab/source/isaaclab_tasks/isaaclab_tasks/manager_based/manipulation/deploy/reach/config/__pycache__
./isaaclab/source/isaaclab_tasks/isaaclab_tasks/manager_based/manipulation/deploy/reach/config/__pycache__/__init__.cpython-311.pyc
./isaaclab/source/isaaclab_tasks/isaaclab_tasks/manager_based/manipulation/deploy/reach/__pycache__
./isaaclab/source/isaaclab_tasks/isaaclab_tasks/manager_based/manipulation/deploy/reach/__pycache__/__init__.cpython-311.pyc
./isaaclab/source/isaaclab_tasks/isaaclab_tasks/manager_based/manipulation/deploy/mdp
./isaaclab/source/isaaclab_tasks/isaaclab_tasks/manager_based/manipulation/deploy/mdp/__init__.py
./isaaclab/source/isaaclab_tasks/isaaclab_tasks/manager_based/manipulation/deploy/mdp/rewards.py
./isaaclab/source/isaaclab_tasks/isaaclab_tasks/manager_based/manipulation/deploy/__pycache__
./isaaclab/source/isaaclab_tasks/isaaclab_tasks/manager_based/manipulation/deploy/__pycache__/__init__.cpython-311.pyc
./isaaclab/source/isaaclab_tasks/isaaclab_tasks/manager_based/manipulation/pick_place
./isaaclab/source/isaaclab_tasks/isaaclab_tasks/manager_based/manipulation/pick_place/__init__.py
./isaaclab/source/isaaclab_tasks/isaaclab_tasks/manager_based/manipulation/pick_place/exhaustpipe_gr1t2_pink_ik_env_cfg.py
./isaaclab/source/isaaclab_tasks/isaaclab_tasks/manager_based/manipulation/pick_place/agents
./isaaclab/source/isaaclab_tasks/isaaclab_tasks/manager_based/manipulation/pick_place/agents/robomimic
./isaaclab/source/isaaclab_tasks/isaaclab_tasks/manager_based/manipulation/pick_place/agents/robomimic/bc_rnn_low_dim.json
./isaaclab/source/isaaclab_tasks/isaaclab_tasks/manager_based/manipulation/pick_place/agents/robomimic/bc_rnn_image_nut_pouring.json
./isaaclab/source/isaaclab_tasks/isaaclab_tasks/manager_based/manipulation/pick_place/agents/robomimic/bc_rnn_image_exhaust_pipe.json
./isaaclab/source/isaaclab_tasks/isaaclab_tasks/manager_based/manipulation/pick_place/pickplace_gr1t2_waist_enabled_env_cfg.py
./isaaclab/source/isaaclab_tasks/isaaclab_tasks/manager_based/manipulation/pick_place/nutpour_gr1t2_base_env_cfg.py
./isaaclab/source/isaaclab_tasks/isaaclab_tasks/manager_based/manipulation/pick_place/pickplace_unitree_g1_inspire_hand_env_cfg.py
./isaaclab/source/isaaclab_tasks/isaaclab_tasks/manager_based/manipulation/pick_place/pickplace_gr1t2_env_cfg.py
./isaaclab/source/isaaclab_tasks/isaaclab_tasks/manager_based/manipulation/pick_place/mdp
./isaaclab/source/isaaclab_tasks/isaaclab_tasks/manager_based/manipulation/pick_place/mdp/__init__.py
./isaaclab/source/isaaclab_tasks/isaaclab_tasks/manager_based/manipulation/pick_place/mdp/observations.py
./isaaclab/source/isaaclab_tasks/isaaclab_tasks/manager_based/manipulation/pick_place/mdp/terminations.py
./isaaclab/source/isaaclab_tasks/isaaclab_tasks/manager_based/manipulation/pick_place/mdp/pick_place_events.py
./isaaclab/source/isaaclab_tasks/isaaclab_tasks/manager_based/manipulation/pick_place/nutpour_gr1t2_pink_ik_env_cfg.py
./isaaclab/source/isaaclab_tasks/isaaclab_tasks/manager_based/manipulation/pick_place/exhaustpipe_gr1t2_base_env_cfg.py
./isaaclab/source/isaaclab_tasks/isaaclab_tasks/manager_based/manipulation/place
./isaaclab/source/isaaclab_tasks/isaaclab_tasks/manager_based/manipulation/place/__init__.py
./isaaclab/source/isaaclab_tasks/isaaclab_tasks/manager_based/manipulation/place/config
./isaaclab/source/isaaclab_tasks/isaaclab_tasks/manager_based/manipulation/place/config/__init__.py
./isaaclab/source/isaaclab_tasks/isaaclab_tasks/manager_based/manipulation/place/config/agibot
./isaaclab/source/isaaclab_tasks/isaaclab_tasks/manager_based/manipulation/place/config/agibot/__init__.py
./isaaclab/source/isaaclab_tasks/isaaclab_tasks/manager_based/manipulation/place/config/agibot/place_toy2box_rmp_rel_env_cfg.py
./isaaclab/source/isaaclab_tasks/isaaclab_tasks/manager_based/manipulation/place/config/agibot/place_upright_mug_rmp_rel_env_cfg.py
./isaaclab/source/isaaclab_tasks/isaaclab_tasks/manager_based/manipulation/place/config/agibot/__pycache__
./isaaclab/source/isaaclab_tasks/isaaclab_tasks/manager_based/manipulation/place/config/agibot/__pycache__/__init__.cpython-311.pyc
./isaaclab/source/isaaclab_tasks/isaaclab_tasks/manager_based/manipulation/place/config/__pycache__
./isaaclab/source/isaaclab_tasks/isaaclab_tasks/manager_based/manipulation/place/config/__pycache__/__init__.cpython-311.pyc
./isaaclab/source/isaaclab_tasks/isaaclab_tasks/manager_based/manipulation/place/mdp
./isaaclab/source/isaaclab_tasks/isaaclab_tasks/manager_based/manipulation/place/mdp/__init__.py
./isaaclab/source/isaaclab_tasks/isaaclab_tasks/manager_based/manipulation/place/mdp/observations.py
./isaaclab/source/isaaclab_tasks/isaaclab_tasks/manager_based/manipulation/place/mdp/terminations.py
./isaaclab/source/isaaclab_tasks/isaaclab_tasks/manager_based/manipulation/place/__pycache__
./isaaclab/source/isaaclab_tasks/isaaclab_tasks/manager_based/manipulation/place/__pycache__/__init__.cpython-311.pyc
./isaaclab/source/isaaclab_tasks/isaaclab_tasks/manager_based/manipulation/cabinet
./isaaclab/source/isaaclab_tasks/isaaclab_tasks/manager_based/manipulation/cabinet/cabinet_env_cfg.py
./isaaclab/source/isaaclab_tasks/isaaclab_tasks/manager_based/manipulation/cabinet/__init__.py
./isaaclab/source/isaaclab_tasks/isaaclab_tasks/manager_based/manipulation/cabinet/config
./isaaclab/source/isaaclab_tasks/isaaclab_tasks/manager_based/manipulation/cabinet/config/__init__.py
./isaaclab/source/isaaclab_tasks/isaaclab_tasks/manager_based/manipulation/cabinet/config/franka
./isaaclab/source/isaaclab_tasks/isaaclab_tasks/manager_based/manipulation/cabinet/config/franka/__init__.py
./isaaclab/source/isaaclab_tasks/isaaclab_tasks/manager_based/manipulation/cabinet/config/franka/agents
./isaaclab/source/isaaclab_tasks/isaaclab_tasks/manager_based/manipulation/cabinet/config/franka/agents/__init__.py
./isaaclab/source/isaaclab_tasks/isaaclab_tasks/manager_based/manipulation/cabinet/config/franka/agents/rsl_rl_ppo_cfg.py
./isaaclab/source/isaaclab_tasks/isaaclab_tasks/manager_based/manipulation/cabinet/config/franka/agents/skrl_ppo_cfg.yaml
./isaaclab/source/isaaclab_tasks/isaaclab_tasks/manager_based/manipulation/cabinet/config/franka/agents/rl_games_ppo_cfg.yaml
./isaaclab/source/isaaclab_tasks/isaaclab_tasks/manager_based/manipulation/cabinet/config/franka/agents/__pycache__
./isaaclab/source/isaaclab_tasks/isaaclab_tasks/manager_based/manipulation/cabinet/config/franka/agents/__pycache__/__init__.cpython-311.pyc
./isaaclab/source/isaaclab_tasks/isaaclab_tasks/manager_based/manipulation/cabinet/config/franka/ik_abs_env_cfg.py
./isaaclab/source/isaaclab_tasks/isaaclab_tasks/manager_based/manipulation/cabinet/config/franka/joint_pos_env_cfg.py
./isaaclab/source/isaaclab_tasks/isaaclab_tasks/manager_based/manipulation/cabinet/config/franka/ik_rel_env_cfg.py
./isaaclab/source/isaaclab_tasks/isaaclab_tasks/manager_based/manipulation/cabinet/config/franka/__pycache__
./isaaclab/source/isaaclab_tasks/isaaclab_tasks/manager_based/manipulation/cabinet/config/franka/__pycache__/__init__.cpython-311.pyc
./isaaclab/source/isaaclab_tasks/isaaclab_tasks/manager_based/manipulation/cabinet/config/__pycache__
./isaaclab/source/isaaclab_tasks/isaaclab_tasks/manager_based/manipulation/cabinet/config/__pycache__/__init__.cpython-311.pyc
./isaaclab/source/isaaclab_tasks/isaaclab_tasks/manager_based/manipulation/cabinet/mdp
./isaaclab/source/isaaclab_tasks/isaaclab_tasks/manager_based/manipulation/cabinet/mdp/__init__.py
./isaaclab/source/isaaclab_tasks/isaaclab_tasks/manager_based/manipulation/cabinet/mdp/observations.py
./isaaclab/source/isaaclab_tasks/isaaclab_tasks/manager_based/manipulation/cabinet/mdp/rewards.py
./isaaclab/source/isaaclab_tasks/isaaclab_tasks/manager_based/manipulation/cabinet/__pycache__
./isaaclab/source/isaaclab_tasks/isaaclab_tasks/manager_based/manipulation/cabinet/__pycache__/__init__.cpython-311.pyc
./isaaclab/source/isaaclab_tasks/isaaclab_tasks/manager_based/manipulation/__pycache__
./isaaclab/source/isaaclab_tasks/isaaclab_tasks/manager_based/manipulation/__pycache__/__init__.cpython-311.pyc
./isaaclab/source/isaaclab_tasks/isaaclab_tasks/manager_based/classic
./isaaclab/source/isaaclab_tasks/isaaclab_tasks/manager_based/classic/__init__.py
./isaaclab/source/isaaclab_tasks/isaaclab_tasks/manager_based/classic/cartpole
./isaaclab/source/isaaclab_tasks/isaaclab_tasks/manager_based/classic/cartpole/__init__.py
./isaaclab/source/isaaclab_tasks/isaaclab_tasks/manager_based/classic/cartpole/agents
./isaaclab/source/isaaclab_tasks/isaaclab_tasks/manager_based/classic/cartpole/agents/__init__.py
./isaaclab/source/isaaclab_tasks/isaaclab_tasks/manager_based/classic/cartpole/agents/rsl_rl_ppo_cfg.py
./isaaclab/source/isaaclab_tasks/isaaclab_tasks/manager_based/classic/cartpole/agents/rl_games_feature_ppo_cfg.yaml
./isaaclab/source/isaaclab_tasks/isaaclab_tasks/manager_based/classic/cartpole/agents/rl_games_camera_ppo_cfg.yaml
./isaaclab/source/isaaclab_tasks/isaaclab_tasks/manager_based/classic/cartpole/agents/skrl_ppo_cfg.yaml
./isaaclab/source/isaaclab_tasks/isaaclab_tasks/manager_based/classic/cartpole/agents/sb3_ppo_cfg.yaml
./isaaclab/source/isaaclab_tasks/isaaclab_tasks/manager_based/classic/cartpole/agents/rl_games_ppo_cfg.yaml
./isaaclab/source/isaaclab_tasks/isaaclab_tasks/manager_based/classic/cartpole/agents/__pycache__
./isaaclab/source/isaaclab_tasks/isaaclab_tasks/manager_based/classic/cartpole/agents/__pycache__/__init__.cpython-311.pyc
./isaaclab/source/isaaclab_tasks/isaaclab_tasks/manager_based/classic/cartpole/cartpole_env_cfg.py
./isaaclab/source/isaaclab_tasks/isaaclab_tasks/manager_based/classic/cartpole/mdp
./isaaclab/source/isaaclab_tasks/isaaclab_tasks/manager_based/classic/cartpole/mdp/__init__.py
./isaaclab/source/isaaclab_tasks/isaaclab_tasks/manager_based/classic/cartpole/mdp/symmetry.py
./isaaclab/source/isaaclab_tasks/isaaclab_tasks/manager_based/classic/cartpole/mdp/rewards.py
./isaaclab/source/isaaclab_tasks/isaaclab_tasks/manager_based/classic/cartpole/cartpole_camera_env_cfg.py
./isaaclab/source/isaaclab_tasks/isaaclab_tasks/manager_based/classic/cartpole/__pycache__
./isaaclab/source/isaaclab_tasks/isaaclab_tasks/manager_based/classic/cartpole/__pycache__/__init__.cpython-311.pyc
./isaaclab/source/isaaclab_tasks/isaaclab_tasks/manager_based/classic/ant
./isaaclab/source/isaaclab_tasks/isaaclab_tasks/manager_based/classic/ant/__init__.py
./isaaclab/source/isaaclab_tasks/isaaclab_tasks/manager_based/classic/ant/agents
./isaaclab/source/isaaclab_tasks/isaaclab_tasks/manager_based/classic/ant/agents/__init__.py
./isaaclab/source/isaaclab_tasks/isaaclab_tasks/manager_based/classic/ant/agents/rsl_rl_ppo_cfg.py
./isaaclab/source/isaaclab_tasks/isaaclab_tasks/manager_based/classic/ant/agents/skrl_ppo_cfg.yaml
./isaaclab/source/isaaclab_tasks/isaaclab_tasks/manager_based/classic/ant/agents/sb3_ppo_cfg.yaml
./isaaclab/source/isaaclab_tasks/isaaclab_tasks/manager_based/classic/ant/agents/rl_games_ppo_cfg.yaml
./isaaclab/source/isaaclab_tasks/isaaclab_tasks/manager_based/classic/ant/agents/__pycache__
./isaaclab/source/isaaclab_tasks/isaaclab_tasks/manager_based/classic/ant/agents/__pycache__/__init__.cpython-311.pyc
./isaaclab/source/isaaclab_tasks/isaaclab_tasks/manager_based/classic/ant/ant_env_cfg.py
./isaaclab/source/isaaclab_tasks/isaaclab_tasks/manager_based/classic/ant/__pycache__
./isaaclab/source/isaaclab_tasks/isaaclab_tasks/manager_based/classic/ant/__pycache__/__init__.cpython-311.pyc
./isaaclab/source/isaaclab_tasks/isaaclab_tasks/manager_based/classic/humanoid
./isaaclab/source/isaaclab_tasks/isaaclab_tasks/manager_based/classic/humanoid/__init__.py
./isaaclab/source/isaaclab_tasks/isaaclab_tasks/manager_based/classic/humanoid/agents
./isaaclab/source/isaaclab_tasks/isaaclab_tasks/manager_based/classic/humanoid/agents/__init__.py
./isaaclab/source/isaaclab_tasks/isaaclab_tasks/manager_based/classic/humanoid/agents/rsl_rl_ppo_cfg.py
./isaaclab/source/isaaclab_tasks/isaaclab_tasks/manager_based/classic/humanoid/agents/skrl_ppo_cfg.yaml
./isaaclab/source/isaaclab_tasks/isaaclab_tasks/manager_based/classic/humanoid/agents/sb3_ppo_cfg.yaml
./isaaclab/source/isaaclab_tasks/isaaclab_tasks/manager_based/classic/humanoid/agents/rl_games_ppo_cfg.yaml
./isaaclab/source/isaaclab_tasks/isaaclab_tasks/manager_based/classic/humanoid/agents/__pycache__
./isaaclab/source/isaaclab_tasks/isaaclab_tasks/manager_based/classic/humanoid/agents/__pycache__/__init__.cpython-311.pyc
./isaaclab/source/isaaclab_tasks/isaaclab_tasks/manager_based/classic/humanoid/mdp
./isaaclab/source/isaaclab_tasks/isaaclab_tasks/manager_based/classic/humanoid/mdp/__init__.py
./isaaclab/source/isaaclab_tasks/isaaclab_tasks/manager_based/classic/humanoid/mdp/observations.py
./isaaclab/source/isaaclab_tasks/isaaclab_tasks/manager_based/classic/humanoid/mdp/rewards.py
./isaaclab/source/isaaclab_tasks/isaaclab_tasks/manager_based/classic/humanoid/humanoid_env_cfg.py
./isaaclab/source/isaaclab_tasks/isaaclab_tasks/manager_based/classic/humanoid/__pycache__
./isaaclab/source/isaaclab_tasks/isaaclab_tasks/manager_based/classic/humanoid/__pycache__/__init__.cpython-311.pyc
./isaaclab/source/isaaclab_tasks/isaaclab_tasks/manager_based/classic/__pycache__
./isaaclab/source/isaaclab_tasks/isaaclab_tasks/manager_based/classic/__pycache__/__init__.cpython-311.pyc
./isaaclab/source/isaaclab_tasks/isaaclab_tasks/manager_based/locomotion
./isaaclab/source/isaaclab_tasks/isaaclab_tasks/manager_based/locomotion/__init__.py
./isaaclab/source/isaaclab_tasks/isaaclab_tasks/manager_based/locomotion/velocity
./isaaclab/source/isaaclab_tasks/isaaclab_tasks/manager_based/locomotion/velocity/__init__.py
./isaaclab/source/isaaclab_tasks/isaaclab_tasks/manager_based/locomotion/velocity/config
./isaaclab/source/isaaclab_tasks/isaaclab_tasks/manager_based/locomotion/velocity/config/__init__.py
./isaaclab/source/isaaclab_tasks/isaaclab_tasks/manager_based/locomotion/velocity/config/go2
./isaaclab/source/isaaclab_tasks/isaaclab_tasks/manager_based/locomotion/velocity/config/go2/__init__.py
./isaaclab/source/isaaclab_tasks/isaaclab_tasks/manager_based/locomotion/velocity/config/go2/agents
./isaaclab/source/isaaclab_tasks/isaaclab_tasks/manager_based/locomotion/velocity/config/go2/agents/__init__.py
./isaaclab/source/isaaclab_tasks/isaaclab_tasks/manager_based/locomotion/velocity/config/go2/agents/rsl_rl_ppo_cfg.py
./isaaclab/source/isaaclab_tasks/isaaclab_tasks/manager_based/locomotion/velocity/config/go2/agents/skrl_flat_ppo_cfg.yaml
./isaaclab/source/isaaclab_tasks/isaaclab_tasks/manager_based/locomotion/velocity/config/go2/agents/skrl_rough_ppo_cfg.yaml
./isaaclab/source/isaaclab_tasks/isaaclab_tasks/manager_based/locomotion/velocity/config/go2/agents/__pycache__
./isaaclab/source/isaaclab_tasks/isaaclab_tasks/manager_based/locomotion/velocity/config/go2/agents/__pycache__/__init__.cpython-311.pyc
./isaaclab/source/isaaclab_tasks/isaaclab_tasks/manager_based/locomotion/velocity/config/go2/flat_env_cfg.py
./isaaclab/source/isaaclab_tasks/isaaclab_tasks/manager_based/locomotion/velocity/config/go2/rough_env_cfg.py
./isaaclab/source/isaaclab_tasks/isaaclab_tasks/manager_based/locomotion/velocity/config/go2/__pycache__
./isaaclab/source/isaaclab_tasks/isaaclab_tasks/manager_based/locomotion/velocity/config/go2/__pycache__/__init__.cpython-311.pyc
./isaaclab/source/isaaclab_tasks/isaaclab_tasks/manager_based/locomotion/velocity/config/anymal_d
./isaaclab/source/isaaclab_tasks/isaaclab_tasks/manager_based/locomotion/velocity/config/anymal_d/__init__.py
./isaaclab/source/isaaclab_tasks/isaaclab_tasks/manager_based/locomotion/velocity/config/anymal_d/agents
./isaaclab/source/isaaclab_tasks/isaaclab_tasks/manager_based/locomotion/velocity/config/anymal_d/agents/__init__.py
./isaaclab/source/isaaclab_tasks/isaaclab_tasks/manager_based/locomotion/velocity/config/anymal_d/agents/rsl_rl_ppo_cfg.py
./isaaclab/source/isaaclab_tasks/isaaclab_tasks/manager_based/locomotion/velocity/config/anymal_d/agents/rsl_rl_distillation_cfg.py
./isaaclab/source/isaaclab_tasks/isaaclab_tasks/manager_based/locomotion/velocity/config/anymal_d/agents/skrl_flat_ppo_cfg.yaml
./isaaclab/source/isaaclab_tasks/isaaclab_tasks/manager_based/locomotion/velocity/config/anymal_d/agents/skrl_rough_ppo_cfg.yaml
./isaaclab/source/isaaclab_tasks/isaaclab_tasks/manager_based/locomotion/velocity/config/anymal_d/agents/__pycache__
./isaaclab/source/isaaclab_tasks/isaaclab_tasks/manager_based/locomotion/velocity/config/anymal_d/agents/__pycache__/__init__.cpython-311.pyc
./isaaclab/source/isaaclab_tasks/isaaclab_tasks/manager_based/locomotion/velocity/config/anymal_d/flat_env_cfg.py
./isaaclab/source/isaaclab_tasks/isaaclab_tasks/manager_based/locomotion/velocity/config/anymal_d/rough_env_cfg.py
./isaaclab/source/isaaclab_tasks/isaaclab_tasks/manager_based/locomotion/velocity/config/anymal_d/__pycache__
./isaaclab/source/isaaclab_tasks/isaaclab_tasks/manager_based/locomotion/velocity/config/anymal_d/__pycache__/__init__.cpython-311.pyc
./isaaclab/source/isaaclab_tasks/isaaclab_tasks/manager_based/locomotion/velocity/config/cassie
./isaaclab/source/isaaclab_tasks/isaaclab_tasks/manager_based/locomotion/velocity/config/cassie/__init__.py
./isaaclab/source/isaaclab_tasks/isaaclab_tasks/manager_based/locomotion/velocity/config/cassie/agents
./isaaclab/source/isaaclab_tasks/isaaclab_tasks/manager_based/locomotion/velocity/config/cassie/agents/__init__.py
./isaaclab/source/isaaclab_tasks/isaaclab_tasks/manager_based/locomotion/velocity/config/cassie/agents/rsl_rl_ppo_cfg.py
./isaaclab/source/isaaclab_tasks/isaaclab_tasks/manager_based/locomotion/velocity/config/cassie/agents/skrl_flat_ppo_cfg.yaml
./isaaclab/source/isaaclab_tasks/isaaclab_tasks/manager_based/locomotion/velocity/config/cassie/agents/skrl_rough_ppo_cfg.yaml
./isaaclab/source/isaaclab_tasks/isaaclab_tasks/manager_based/locomotion/velocity/config/cassie/agents/__pycache__
./isaaclab/source/isaaclab_tasks/isaaclab_tasks/manager_based/locomotion/velocity/config/cassie/agents/__pycache__/__init__.cpython-311.pyc
./isaaclab/source/isaaclab_tasks/isaaclab_tasks/manager_based/locomotion/velocity/config/cassie/flat_env_cfg.py
./isaaclab/source/isaaclab_tasks/isaaclab_tasks/manager_based/locomotion/velocity/config/cassie/rough_env_cfg.py
./isaaclab/source/isaaclab_tasks/isaaclab_tasks/manager_based/locomotion/velocity/config/cassie/__pycache__
./isaaclab/source/isaaclab_tasks/isaaclab_tasks/manager_based/locomotion/velocity/config/cassie/__pycache__/__init__.cpython-311.pyc
./isaaclab/source/isaaclab_tasks/isaaclab_tasks/manager_based/locomotion/velocity/config/go1
./isaaclab/source/isaaclab_tasks/isaaclab_tasks/manager_based/locomotion/velocity/config/go1/__init__.py
./isaaclab/source/isaaclab_tasks/isaaclab_tasks/manager_based/locomotion/velocity/config/go1/agents
./isaaclab/source/isaaclab_tasks/isaaclab_tasks/manager_based/locomotion/velocity/config/go1/agents/__init__.py
./isaaclab/source/isaaclab_tasks/isaaclab_tasks/manager_based/locomotion/velocity/config/go1/agents/rsl_rl_ppo_cfg.py
./isaaclab/source/isaaclab_tasks/isaaclab_tasks/manager_based/locomotion/velocity/config/go1/agents/skrl_flat_ppo_cfg.yaml
./isaaclab/source/isaaclab_tasks/isaaclab_tasks/manager_based/locomotion/velocity/config/go1/agents/skrl_rough_ppo_cfg.yaml
./isaaclab/source/isaaclab_tasks/isaaclab_tasks/manager_based/locomotion/velocity/config/go1/agents/__pycache__
./isaaclab/source/isaaclab_tasks/isaaclab_tasks/manager_based/locomotion/velocity/config/go1/agents/__pycache__/__init__.cpython-311.pyc
./isaaclab/source/isaaclab_tasks/isaaclab_tasks/manager_based/locomotion/velocity/config/go1/flat_env_cfg.py
./isaaclab/source/isaaclab_tasks/isaaclab_tasks/manager_based/locomotion/velocity/config/go1/rough_env_cfg.py
./isaaclab/source/isaaclab_tasks/isaaclab_tasks/manager_based/locomotion/velocity/config/go1/__pycache__
./isaaclab/source/isaaclab_tasks/isaaclab_tasks/manager_based/locomotion/velocity/config/go1/__pycache__/__init__.cpython-311.pyc
./isaaclab/source/isaaclab_tasks/isaaclab_tasks/manager_based/locomotion/velocity/config/g1
./isaaclab/source/isaaclab_tasks/isaaclab_tasks/manager_based/locomotion/velocity/config/g1/__init__.py
./isaaclab/source/isaaclab_tasks/isaaclab_tasks/manager_based/locomotion/velocity/config/g1/agents
./isaaclab/source/isaaclab_tasks/isaaclab_tasks/manager_based/locomotion/velocity/config/g1/agents/__init__.py
./isaaclab/source/isaaclab_tasks/isaaclab_tasks/manager_based/locomotion/velocity/config/g1/agents/rsl_rl_ppo_cfg.py
./isaaclab/source/isaaclab_tasks/isaaclab_tasks/manager_based/locomotion/velocity/config/g1/agents/skrl_flat_ppo_cfg.yaml
./isaaclab/source/isaaclab_tasks/isaaclab_tasks/manager_based/locomotion/velocity/config/g1/agents/skrl_rough_ppo_cfg.yaml
./isaaclab/source/isaaclab_tasks/isaaclab_tasks/manager_based/locomotion/velocity/config/g1/agents/__pycache__
./isaaclab/source/isaaclab_tasks/isaaclab_tasks/manager_based/locomotion/velocity/config/g1/agents/__pycache__/__init__.cpython-311.pyc
./isaaclab/source/isaaclab_tasks/isaaclab_tasks/manager_based/locomotion/velocity/config/g1/flat_env_cfg.py
./isaaclab/source/isaaclab_tasks/isaaclab_tasks/manager_based/locomotion/velocity/config/g1/rough_env_cfg.py
./isaaclab/source/isaaclab_tasks/isaaclab_tasks/manager_based/locomotion/velocity/config/g1/__pycache__
./isaaclab/source/isaaclab_tasks/isaaclab_tasks/manager_based/locomotion/velocity/config/g1/__pycache__/__init__.cpython-311.pyc
./isaaclab/source/isaaclab_tasks/isaaclab_tasks/manager_based/locomotion/velocity/config/digit
./isaaclab/source/isaaclab_tasks/isaaclab_tasks/manager_based/locomotion/velocity/config/digit/__init__.py
./isaaclab/source/isaaclab_tasks/isaaclab_tasks/manager_based/locomotion/velocity/config/digit/agents
./isaaclab/source/isaaclab_tasks/isaaclab_tasks/manager_based/locomotion/velocity/config/digit/agents/__init__.py
./isaaclab/source/isaaclab_tasks/isaaclab_tasks/manager_based/locomotion/velocity/config/digit/agents/rsl_rl_ppo_cfg.py
./isaaclab/source/isaaclab_tasks/isaaclab_tasks/manager_based/locomotion/velocity/config/digit/agents/__pycache__
./isaaclab/source/isaaclab_tasks/isaaclab_tasks/manager_based/locomotion/velocity/config/digit/agents/__pycache__/__init__.cpython-311.pyc
./isaaclab/source/isaaclab_tasks/isaaclab_tasks/manager_based/locomotion/velocity/config/digit/flat_env_cfg.py
./isaaclab/source/isaaclab_tasks/isaaclab_tasks/manager_based/locomotion/velocity/config/digit/rough_env_cfg.py
./isaaclab/source/isaaclab_tasks/isaaclab_tasks/manager_based/locomotion/velocity/config/digit/__pycache__
./isaaclab/source/isaaclab_tasks/isaaclab_tasks/manager_based/locomotion/velocity/config/digit/__pycache__/__init__.cpython-311.pyc
./isaaclab/source/isaaclab_tasks/isaaclab_tasks/manager_based/locomotion/velocity/config/anymal_b
./isaaclab/source/isaaclab_tasks/isaaclab_tasks/manager_based/locomotion/velocity/config/anymal_b/__init__.py
./isaaclab/source/isaaclab_tasks/isaaclab_tasks/manager_based/locomotion/velocity/config/anymal_b/agents
./isaaclab/source/isaaclab_tasks/isaaclab_tasks/manager_based/locomotion/velocity/config/anymal_b/agents/__init__.py
./isaaclab/source/isaaclab_tasks/isaaclab_tasks/manager_based/locomotion/velocity/config/anymal_b/agents/rsl_rl_ppo_cfg.py
./isaaclab/source/isaaclab_tasks/isaaclab_tasks/manager_based/locomotion/velocity/config/anymal_b/agents/skrl_flat_ppo_cfg.yaml
./isaaclab/source/isaaclab_tasks/isaaclab_tasks/manager_based/locomotion/velocity/config/anymal_b/agents/skrl_rough_ppo_cfg.yaml
./isaaclab/source/isaaclab_tasks/isaaclab_tasks/manager_based/locomotion/velocity/config/anymal_b/agents/__pycache__
./isaaclab/source/isaaclab_tasks/isaaclab_tasks/manager_based/locomotion/velocity/config/anymal_b/agents/__pycache__/__init__.cpython-311.pyc
./isaaclab/source/isaaclab_tasks/isaaclab_tasks/manager_based/locomotion/velocity/config/anymal_b/flat_env_cfg.py
./isaaclab/source/isaaclab_tasks/isaaclab_tasks/manager_based/locomotion/velocity/config/anymal_b/rough_env_cfg.py
./isaaclab/source/isaaclab_tasks/isaaclab_tasks/manager_based/locomotion/velocity/config/anymal_b/__pycache__
./isaaclab/source/isaaclab_tasks/isaaclab_tasks/manager_based/locomotion/velocity/config/anymal_b/__pycache__/__init__.cpython-311.pyc
./isaaclab/source/isaaclab_tasks/isaaclab_tasks/manager_based/locomotion/velocity/config/spot
./isaaclab/source/isaaclab_tasks/isaaclab_tasks/manager_based/locomotion/velocity/config/spot/__init__.py
./isaaclab/source/isaaclab_tasks/isaaclab_tasks/manager_based/locomotion/velocity/config/spot/agents
./isaaclab/source/isaaclab_tasks/isaaclab_tasks/manager_based/locomotion/velocity/config/spot/agents/__init__.py
./isaaclab/source/isaaclab_tasks/isaaclab_tasks/manager_based/locomotion/velocity/config/spot/agents/rsl_rl_ppo_cfg.py
./isaaclab/source/isaaclab_tasks/isaaclab_tasks/manager_based/locomotion/velocity/config/spot/agents/skrl_flat_ppo_cfg.yaml
./isaaclab/source/isaaclab_tasks/isaaclab_tasks/manager_based/locomotion/velocity/config/spot/agents/__pycache__
./isaaclab/source/isaaclab_tasks/isaaclab_tasks/manager_based/locomotion/velocity/config/spot/agents/__pycache__/__init__.cpython-311.pyc
./isaaclab/source/isaaclab_tasks/isaaclab_tasks/manager_based/locomotion/velocity/config/spot/flat_env_cfg.py
./isaaclab/source/isaaclab_tasks/isaaclab_tasks/manager_based/locomotion/velocity/config/spot/mdp
./isaaclab/source/isaaclab_tasks/isaaclab_tasks/manager_based/locomotion/velocity/config/spot/mdp/__init__.py
./isaaclab/source/isaaclab_tasks/isaaclab_tasks/manager_based/locomotion/velocity/config/spot/mdp/events.py
./isaaclab/source/isaaclab_tasks/isaaclab_tasks/manager_based/locomotion/velocity/config/spot/mdp/rewards.py
./isaaclab/source/isaaclab_tasks/isaaclab_tasks/manager_based/locomotion/velocity/config/spot/README.md
./isaaclab/source/isaaclab_tasks/isaaclab_tasks/manager_based/locomotion/velocity/config/spot/__pycache__
./isaaclab/source/isaaclab_tasks/isaaclab_tasks/manager_based/locomotion/velocity/config/spot/__pycache__/__init__.cpython-311.pyc
./isaaclab/source/isaaclab_tasks/isaaclab_tasks/manager_based/locomotion/velocity/config/anymal_c
./isaaclab/source/isaaclab_tasks/isaaclab_tasks/manager_based/locomotion/velocity/config/anymal_c/__init__.py
./isaaclab/source/isaaclab_tasks/isaaclab_tasks/manager_based/locomotion/velocity/config/anymal_c/agents
./isaaclab/source/isaaclab_tasks/isaaclab_tasks/manager_based/locomotion/velocity/config/anymal_c/agents/__init__.py
./isaaclab/source/isaaclab_tasks/isaaclab_tasks/manager_based/locomotion/velocity/config/anymal_c/agents/rsl_rl_ppo_cfg.py
./isaaclab/source/isaaclab_tasks/isaaclab_tasks/manager_based/locomotion/velocity/config/anymal_c/agents/rl_games_flat_ppo_cfg.yaml
./isaaclab/source/isaaclab_tasks/isaaclab_tasks/manager_based/locomotion/velocity/config/anymal_c/agents/rl_games_rough_ppo_cfg.yaml
./isaaclab/source/isaaclab_tasks/isaaclab_tasks/manager_based/locomotion/velocity/config/anymal_c/agents/skrl_flat_ppo_cfg.yaml
./isaaclab/source/isaaclab_tasks/isaaclab_tasks/manager_based/locomotion/velocity/config/anymal_c/agents/skrl_rough_ppo_cfg.yaml
./isaaclab/source/isaaclab_tasks/isaaclab_tasks/manager_based/locomotion/velocity/config/anymal_c/agents/__pycache__
./isaaclab/source/isaaclab_tasks/isaaclab_tasks/manager_based/locomotion/velocity/config/anymal_c/agents/__pycache__/__init__.cpython-311.pyc
./isaaclab/source/isaaclab_tasks/isaaclab_tasks/manager_based/locomotion/velocity/config/anymal_c/flat_env_cfg.py
./isaaclab/source/isaaclab_tasks/isaaclab_tasks/manager_based/locomotion/velocity/config/anymal_c/rough_env_cfg.py
./isaaclab/source/isaaclab_tasks/isaaclab_tasks/manager_based/locomotion/velocity/config/anymal_c/__pycache__
./isaaclab/source/isaaclab_tasks/isaaclab_tasks/manager_based/locomotion/velocity/config/anymal_c/__pycache__/__init__.cpython-311.pyc
./isaaclab/source/isaaclab_tasks/isaaclab_tasks/manager_based/locomotion/velocity/config/h1
./isaaclab/source/isaaclab_tasks/isaaclab_tasks/manager_based/locomotion/velocity/config/h1/__init__.py
./isaaclab/source/isaaclab_tasks/isaaclab_tasks/manager_based/locomotion/velocity/config/h1/agents
./isaaclab/source/isaaclab_tasks/isaaclab_tasks/manager_based/locomotion/velocity/config/h1/agents/__init__.py
./isaaclab/source/isaaclab_tasks/isaaclab_tasks/manager_based/locomotion/velocity/config/h1/agents/rsl_rl_ppo_cfg.py
./isaaclab/source/isaaclab_tasks/isaaclab_tasks/manager_based/locomotion/velocity/config/h1/agents/skrl_flat_ppo_cfg.yaml
./isaaclab/source/isaaclab_tasks/isaaclab_tasks/manager_based/locomotion/velocity/config/h1/agents/skrl_rough_ppo_cfg.yaml
./isaaclab/source/isaaclab_tasks/isaaclab_tasks/manager_based/locomotion/velocity/config/h1/agents/__pycache__
./isaaclab/source/isaaclab_tasks/isaaclab_tasks/manager_based/locomotion/velocity/config/h1/agents/__pycache__/__init__.cpython-311.pyc
./isaaclab/source/isaaclab_tasks/isaaclab_tasks/manager_based/locomotion/velocity/config/h1/flat_env_cfg.py
./isaaclab/source/isaaclab_tasks/isaaclab_tasks/manager_based/locomotion/velocity/config/h1/rough_env_cfg.py
./isaaclab/source/isaaclab_tasks/isaaclab_tasks/manager_based/locomotion/velocity/config/h1/__pycache__
./isaaclab/source/isaaclab_tasks/isaaclab_tasks/manager_based/locomotion/velocity/config/h1/__pycache__/__init__.cpython-311.pyc
./isaaclab/source/isaaclab_tasks/isaaclab_tasks/manager_based/locomotion/velocity/config/a1
./isaaclab/source/isaaclab_tasks/isaaclab_tasks/manager_based/locomotion/velocity/config/a1/__init__.py
./isaaclab/source/isaaclab_tasks/isaaclab_tasks/manager_based/locomotion/velocity/config/a1/agents
./isaaclab/source/isaaclab_tasks/isaaclab_tasks/manager_based/locomotion/velocity/config/a1/agents/__init__.py
./isaaclab/source/isaaclab_tasks/isaaclab_tasks/manager_based/locomotion/velocity/config/a1/agents/rsl_rl_ppo_cfg.py
./isaaclab/source/isaaclab_tasks/isaaclab_tasks/manager_based/locomotion/velocity/config/a1/agents/skrl_flat_ppo_cfg.yaml
./isaaclab/source/isaaclab_tasks/isaaclab_tasks/manager_based/locomotion/velocity/config/a1/agents/skrl_rough_ppo_cfg.yaml
./isaaclab/source/isaaclab_tasks/isaaclab_tasks/manager_based/locomotion/velocity/config/a1/agents/sb3_ppo_cfg.yaml
./isaaclab/source/isaaclab_tasks/isaaclab_tasks/manager_based/locomotion/velocity/config/a1/agents/__pycache__
./isaaclab/source/isaaclab_tasks/isaaclab_tasks/manager_based/locomotion/velocity/config/a1/agents/__pycache__/__init__.cpython-311.pyc
./isaaclab/source/isaaclab_tasks/isaaclab_tasks/manager_based/locomotion/velocity/config/a1/flat_env_cfg.py
./isaaclab/source/isaaclab_tasks/isaaclab_tasks/manager_based/locomotion/velocity/config/a1/rough_env_cfg.py
./isaaclab/source/isaaclab_tasks/isaaclab_tasks/manager_based/locomotion/velocity/config/a1/__pycache__
./isaaclab/source/isaaclab_tasks/isaaclab_tasks/manager_based/locomotion/velocity/config/a1/__pycache__/__init__.cpython-311.pyc
./isaaclab/source/isaaclab_tasks/isaaclab_tasks/manager_based/locomotion/velocity/config/__pycache__
./isaaclab/source/isaaclab_tasks/isaaclab_tasks/manager_based/locomotion/velocity/config/__pycache__/__init__.cpython-311.pyc
./isaaclab/source/isaaclab_tasks/isaaclab_tasks/manager_based/locomotion/velocity/velocity_env_cfg.py
./isaaclab/source/isaaclab_tasks/isaaclab_tasks/manager_based/locomotion/velocity/mdp
./isaaclab/source/isaaclab_tasks/isaaclab_tasks/manager_based/locomotion/velocity/mdp/symmetry
./isaaclab/source/isaaclab_tasks/isaaclab_tasks/manager_based/locomotion/velocity/mdp/symmetry/__init__.py
./isaaclab/source/isaaclab_tasks/isaaclab_tasks/manager_based/locomotion/velocity/mdp/symmetry/anymal.py
./isaaclab/source/isaaclab_tasks/isaaclab_tasks/manager_based/locomotion/velocity/mdp/__init__.py
./isaaclab/source/isaaclab_tasks/isaaclab_tasks/manager_based/locomotion/velocity/mdp/terminations.py
./isaaclab/source/isaaclab_tasks/isaaclab_tasks/manager_based/locomotion/velocity/mdp/curriculums.py
./isaaclab/source/isaaclab_tasks/isaaclab_tasks/manager_based/locomotion/velocity/mdp/rewards.py
./isaaclab/source/isaaclab_tasks/isaaclab_tasks/manager_based/locomotion/velocity/__pycache__
./isaaclab/source/isaaclab_tasks/isaaclab_tasks/manager_based/locomotion/velocity/__pycache__/__init__.cpython-311.pyc
./isaaclab/source/isaaclab_tasks/isaaclab_tasks/manager_based/locomotion/__pycache__
./isaaclab/source/isaaclab_tasks/isaaclab_tasks/manager_based/locomotion/__pycache__/__init__.cpython-311.pyc
./isaaclab/source/isaaclab_tasks/isaaclab_tasks/manager_based/__pycache__
./isaaclab/source/isaaclab_tasks/isaaclab_tasks/manager_based/__pycache__/__init__.cpython-311.pyc
./isaaclab/source/isaaclab_tasks/isaaclab_tasks/utils
./isaaclab/source/isaaclab_tasks/isaaclab_tasks/utils/__init__.py
./isaaclab/source/isaaclab_tasks/isaaclab_tasks/utils/importer.py
./isaaclab/source/isaaclab_tasks/isaaclab_tasks/utils/parse_cfg.py
./isaaclab/source/isaaclab_tasks/isaaclab_tasks/utils/hydra.py
./isaaclab/source/isaaclab_tasks/isaaclab_tasks/utils/__pycache__
./isaaclab/source/isaaclab_tasks/isaaclab_tasks/utils/__pycache__/__init__.cpython-311.pyc
./isaaclab/source/isaaclab_tasks/isaaclab_tasks/utils/__pycache__/importer.cpython-311.pyc
./isaaclab/source/isaaclab_tasks/isaaclab_tasks/utils/__pycache__/hydra.cpython-311.pyc
./isaaclab/source/isaaclab_tasks/isaaclab_tasks/utils/__pycache__/parse_cfg.cpython-311.pyc
./isaaclab/source/isaaclab_tasks/isaaclab_tasks/__pycache__
./isaaclab/source/isaaclab_tasks/isaaclab_tasks/__pycache__/__init__.cpython-311.pyc
./isaaclab/source/isaaclab_tasks/setup.py
./isaaclab/source/isaaclab_tasks/docs
./isaaclab/source/isaaclab_tasks/docs/CHANGELOG.rst
./isaaclab/source/isaaclab_tasks/docs/README.md
./isaaclab/source/isaaclab_tasks/pyproject.toml
./isaaclab/source/isaaclab_tasks/isaaclab_tasks.egg-info
./isaaclab/source/isaaclab_tasks/isaaclab_tasks.egg-info/top_level.txt
./isaaclab/source/isaaclab_tasks/isaaclab_tasks.egg-info/requires.txt
./isaaclab/source/isaaclab_tasks/isaaclab_tasks.egg-info/PKG-INFO
./isaaclab/source/isaaclab_tasks/isaaclab_tasks.egg-info/not-zip-safe
./isaaclab/source/isaaclab_tasks/isaaclab_tasks.egg-info/dependency_links.txt
./isaaclab/source/isaaclab_tasks/isaaclab_tasks.egg-info/SOURCES.txt
./isaaclab/source/isaaclab_mimic
./isaaclab/source/isaaclab_mimic/config
./isaaclab/source/isaaclab_mimic/config/extension.toml
./isaaclab/source/isaaclab_mimic/test
./isaaclab/source/isaaclab_mimic/test/test_curobo_planner_cube_stack.py
./isaaclab/source/isaaclab_mimic/test/test_generate_dataset_skillgen.py
./isaaclab/source/isaaclab_mimic/test/test_selection_strategy.py
./isaaclab/source/isaaclab_mimic/test/test_curobo_planner_franka.py
./isaaclab/source/isaaclab_mimic/test/test_generate_dataset.py
./isaaclab/source/isaaclab_mimic/isaaclab_mimic
./isaaclab/source/isaaclab_mimic/isaaclab_mimic/ui
./isaaclab/source/isaaclab_mimic/isaaclab_mimic/ui/instruction_display.py
./isaaclab/source/isaaclab_mimic/isaaclab_mimic/__init__.py
./isaaclab/source/isaaclab_mimic/isaaclab_mimic/motion_planners
./isaaclab/source/isaaclab_mimic/isaaclab_mimic/motion_planners/motion_planner_base.py
./isaaclab/source/isaaclab_mimic/isaaclab_mimic/motion_planners/curobo
./isaaclab/source/isaaclab_mimic/isaaclab_mimic/motion_planners/curobo/curobo_planner.py
./isaaclab/source/isaaclab_mimic/isaaclab_mimic/motion_planners/curobo/plan_visualizer.py
./isaaclab/source/isaaclab_mimic/isaaclab_mimic/motion_planners/curobo/curobo_planner_cfg.py
./isaaclab/source/isaaclab_mimic/isaaclab_mimic/datagen
./isaaclab/source/isaaclab_mimic/isaaclab_mimic/datagen/__init__.py
./isaaclab/source/isaaclab_mimic/isaaclab_mimic/datagen/datagen_info.py
./isaaclab/source/isaaclab_mimic/isaaclab_mimic/datagen/utils.py
./isaaclab/source/isaaclab_mimic/isaaclab_mimic/datagen/data_generator.py
./isaaclab/source/isaaclab_mimic/isaaclab_mimic/datagen/generation.py
./isaaclab/source/isaaclab_mimic/isaaclab_mimic/datagen/datagen_info_pool.py
./isaaclab/source/isaaclab_mimic/isaaclab_mimic/datagen/selection_strategy.py
./isaaclab/source/isaaclab_mimic/isaaclab_mimic/datagen/waypoint.py
./isaaclab/source/isaaclab_mimic/isaaclab_mimic/locomanipulation_sdg
./isaaclab/source/isaaclab_mimic/isaaclab_mimic/locomanipulation_sdg/__init__.py
./isaaclab/source/isaaclab_mimic/isaaclab_mimic/locomanipulation_sdg/occupancy_map_utils.py
./isaaclab/source/isaaclab_mimic/isaaclab_mimic/locomanipulation_sdg/scene_utils.py
./isaaclab/source/isaaclab_mimic/isaaclab_mimic/locomanipulation_sdg/data_classes.py
./isaaclab/source/isaaclab_mimic/isaaclab_mimic/locomanipulation_sdg/envs
./isaaclab/source/isaaclab_mimic/isaaclab_mimic/locomanipulation_sdg/envs/__init__.py
./isaaclab/source/isaaclab_mimic/isaaclab_mimic/locomanipulation_sdg/envs/locomanipulation_sdg_env.py
./isaaclab/source/isaaclab_mimic/isaaclab_mimic/locomanipulation_sdg/envs/g1_locomanipulation_sdg_env.py
./isaaclab/source/isaaclab_mimic/isaaclab_mimic/locomanipulation_sdg/envs/locomanipulation_sdg_env_cfg.py
./isaaclab/source/isaaclab_mimic/isaaclab_mimic/locomanipulation_sdg/transform_utils.py
./isaaclab/source/isaaclab_mimic/isaaclab_mimic/locomanipulation_sdg/path_utils.py
./isaaclab/source/isaaclab_mimic/isaaclab_mimic/envs
./isaaclab/source/isaaclab_mimic/isaaclab_mimic/envs/franka_stack_ik_abs_mimic_env.py
./isaaclab/source/isaaclab_mimic/isaaclab_mimic/envs/franka_stack_ik_rel_mimic_env.py
./isaaclab/source/isaaclab_mimic/isaaclab_mimic/envs/franka_stack_ik_abs_mimic_env_cfg.py
./isaaclab/source/isaaclab_mimic/isaaclab_mimic/envs/pinocchio_envs
./isaaclab/source/isaaclab_mimic/isaaclab_mimic/envs/pinocchio_envs/__init__.py
./isaaclab/source/isaaclab_mimic/isaaclab_mimic/envs/pinocchio_envs/locomanipulation_g1_mimic_env_cfg.py
./isaaclab/source/isaaclab_mimic/isaaclab_mimic/envs/pinocchio_envs/exhaustpipe_gr1t2_mimic_env_cfg.py
./isaaclab/source/isaaclab_mimic/isaaclab_mimic/envs/pinocchio_envs/locomanipulation_g1_mimic_env.py
./isaaclab/source/isaaclab_mimic/isaaclab_mimic/envs/pinocchio_envs/pickplace_gr1t2_mimic_env.py
./isaaclab/source/isaaclab_mimic/isaaclab_mimic/envs/pinocchio_envs/pickplace_gr1t2_mimic_env_cfg.py
./isaaclab/source/isaaclab_mimic/isaaclab_mimic/envs/pinocchio_envs/pickplace_gr1t2_waist_enabled_mimic_env_cfg.py
./isaaclab/source/isaaclab_mimic/isaaclab_mimic/envs/pinocchio_envs/nutpour_gr1t2_mimic_env_cfg.py
./isaaclab/source/isaaclab_mimic/isaaclab_mimic/envs/__init__.py
./isaaclab/source/isaaclab_mimic/isaaclab_mimic/envs/galbot_stack_rmp_rel_mimic_env.py
./isaaclab/source/isaaclab_mimic/isaaclab_mimic/envs/galbot_stack_rmp_abs_mimic_env_cfg.py
./isaaclab/source/isaaclab_mimic/isaaclab_mimic/envs/agibot_place_toy2box_mimic_env_cfg.py
./isaaclab/source/isaaclab_mimic/isaaclab_mimic/envs/franka_stack_ik_rel_mimic_env_cfg.py
./isaaclab/source/isaaclab_mimic/isaaclab_mimic/envs/pick_place_mimic_env.py
./isaaclab/source/isaaclab_mimic/isaaclab_mimic/envs/franka_stack_ik_rel_visuomotor_mimic_env_cfg.py
./isaaclab/source/isaaclab_mimic/isaaclab_mimic/envs/franka_stack_ik_rel_blueprint_mimic_env_cfg.py
./isaaclab/source/isaaclab_mimic/isaaclab_mimic/envs/galbot_stack_rmp_abs_mimic_env.py
./isaaclab/source/isaaclab_mimic/isaaclab_mimic/envs/galbot_stack_rmp_rel_mimic_env_cfg.py
./isaaclab/source/isaaclab_mimic/isaaclab_mimic/envs/franka_stack_ik_rel_visuomotor_cosmos_mimic_env_cfg.py
./isaaclab/source/isaaclab_mimic/isaaclab_mimic/envs/agibot_place_upright_mug_mimic_env_cfg.py
./isaaclab/source/isaaclab_mimic/isaaclab_mimic/envs/franka_bin_stack_ik_rel_mimic_env_cfg.py
./isaaclab/source/isaaclab_mimic/isaaclab_mimic/envs/franka_stack_ik_rel_skillgen_env_cfg.py
./isaaclab/source/isaaclab_mimic/isaaclab_mimic/__pycache__
./isaaclab/source/isaaclab_mimic/isaaclab_mimic/__pycache__/__init__.cpython-311.pyc
./isaaclab/source/isaaclab_mimic/setup.py
./isaaclab/source/isaaclab_mimic/docs
./isaaclab/source/isaaclab_mimic/docs/CHANGELOG.rst
./isaaclab/source/isaaclab_mimic/pyproject.toml
./isaaclab/source/isaaclab_mimic/isaaclab_mimic.egg-info
./isaaclab/source/isaaclab_mimic/isaaclab_mimic.egg-info/top_level.txt
./isaaclab/source/isaaclab_mimic/isaaclab_mimic.egg-info/requires.txt
./isaaclab/source/isaaclab_mimic/isaaclab_mimic.egg-info/PKG-INFO
./isaaclab/source/isaaclab_mimic/isaaclab_mimic.egg-info/not-zip-safe
./isaaclab/source/isaaclab_mimic/isaaclab_mimic.egg-info/dependency_links.txt
./isaaclab/source/isaaclab_mimic/isaaclab_mimic.egg-info/SOURCES.txt
./isaaclab/source/isaaclab
./isaaclab/source/isaaclab/config
./isaaclab/source/isaaclab/config/extension.toml
./isaaclab/source/isaaclab/test
./isaaclab/source/isaaclab/test/devices
./isaaclab/source/isaaclab/test/devices/test_device_constructors.py
./isaaclab/source/isaaclab/test/devices/check_keyboard.py
./isaaclab/source/isaaclab/test/devices/test_oxr_device.py
./isaaclab/source/isaaclab/test/visualization
./isaaclab/source/isaaclab/test/visualization/check_scene_xr_visualization.py
./isaaclab/source/isaaclab/test/markers
./isaaclab/source/isaaclab/test/markers/check_markers_visibility.py
./isaaclab/source/isaaclab/test/markers/test_visualization_markers.py
./isaaclab/source/isaaclab/test/sensors
./isaaclab/source/isaaclab/test/sensors/test_imu.py
./isaaclab/source/isaaclab/test/sensors/test_contact_sensor.py
./isaaclab/source/isaaclab/test/sensors/check_imu_sensor.py
./isaaclab/source/isaaclab/test/sensors/test_tiled_camera.py
./isaaclab/source/isaaclab/test/sensors/test_multi_tiled_camera.py
./isaaclab/source/isaaclab/test/sensors/test_tiled_camera_env.py
./isaaclab/source/isaaclab/test/sensors/test_ray_caster_camera.py
./isaaclab/source/isaaclab/test/sensors/test_camera.py
./isaaclab/source/isaaclab/test/sensors/test_frame_transformer.py
./isaaclab/source/isaaclab/test/sensors/check_contact_sensor.py
./isaaclab/source/isaaclab/test/sensors/test_outdated_sensor.py
./isaaclab/source/isaaclab/test/sensors/urdfs
./isaaclab/source/isaaclab/test/sensors/urdfs/simple_2_link.urdf
./isaaclab/source/isaaclab/test/sensors/test_sensor_base.py
./isaaclab/source/isaaclab/test/sensors/check_ray_caster.py
./isaaclab/source/isaaclab/test/sim
./isaaclab/source/isaaclab/test/sim/test_simulation_render_config.py
./isaaclab/source/isaaclab/test/sim/test_spawn_wrappers.py
./isaaclab/source/isaaclab/test/sim/test_spawn_meshes.py
./isaaclab/source/isaaclab/test/sim/test_spawn_shapes.py
./isaaclab/source/isaaclab/test/sim/test_simulation_context.py
./isaaclab/source/isaaclab/test/sim/test_stage_in_memory.py
./isaaclab/source/isaaclab/test/sim/test_schemas.py
./isaaclab/source/isaaclab/test/sim/test_utils.py
./isaaclab/source/isaaclab/test/sim/test_spawn_lights.py
./isaaclab/source/isaaclab/test/sim/test_spawn_from_files.py
./isaaclab/source/isaaclab/test/sim/test_build_simulation_context_nonheadless.py
./isaaclab/source/isaaclab/test/sim/test_spawn_materials.py
./isaaclab/source/isaaclab/test/sim/test_mesh_converter.py
./isaaclab/source/isaaclab/test/sim/check_meshes.py
./isaaclab/source/isaaclab/test/sim/test_mjcf_converter.py
./isaaclab/source/isaaclab/test/sim/test_build_simulation_context_headless.py
./isaaclab/source/isaaclab/test/sim/test_spawn_sensors.py
./isaaclab/source/isaaclab/test/sim/test_urdf_converter.py
./isaaclab/source/isaaclab/test/actuators
./isaaclab/source/isaaclab/test/actuators/test_ideal_pd_actuator.py
./isaaclab/source/isaaclab/test/actuators/test_implicit_actuator.py
./isaaclab/source/isaaclab/test/actuators/test_dc_motor.py
./isaaclab/source/isaaclab/test/terrains
./isaaclab/source/isaaclab/test/terrains/test_terrain_generator.py
./isaaclab/source/isaaclab/test/terrains/test_terrain_importer.py
./isaaclab/source/isaaclab/test/terrains/check_mesh_subterrains.py
./isaaclab/source/isaaclab/test/terrains/check_terrain_importer.py
./isaaclab/source/isaaclab/test/terrains/check_height_field_subterrains.py
./isaaclab/source/isaaclab/test/managers
./isaaclab/source/isaaclab/test/managers/test_recorder_manager.py
./isaaclab/source/isaaclab/test/managers/test_reward_manager.py
./isaaclab/source/isaaclab/test/managers/test_event_manager.py
./isaaclab/source/isaaclab/test/managers/test_observation_manager.py
./isaaclab/source/isaaclab/test/app
./isaaclab/source/isaaclab/test/app/test_kwarg_launch.py
./isaaclab/source/isaaclab/test/app/test_argparser_launch.py
./isaaclab/source/isaaclab/test/app/test_non_headless_launch.py
./isaaclab/source/isaaclab/test/app/test_env_var_launch.py
./isaaclab/source/isaaclab/test/deps
./isaaclab/source/isaaclab/test/deps/test_torch.py
./isaaclab/source/isaaclab/test/deps/isaacsim
./isaaclab/source/isaaclab/test/deps/isaacsim/check_legged_robot_clone.py
./isaaclab/source/isaaclab/test/deps/isaacsim/check_camera.py
./isaaclab/source/isaaclab/test/deps/isaacsim/check_rep_texture_randomizer.py
./isaaclab/source/isaaclab/test/deps/isaacsim/check_floating_base_made_fixed.py
./isaaclab/source/isaaclab/test/deps/isaacsim/check_ref_count.py
./isaaclab/source/isaaclab/test/deps/test_scipy.py
./isaaclab/source/isaaclab/test/performance
./isaaclab/source/isaaclab/test/performance/test_kit_startup_performance.py
./isaaclab/source/isaaclab/test/performance/test_robot_load_performance.py
./isaaclab/source/isaaclab/test/envs
./isaaclab/source/isaaclab/test/envs/check_manager_based_env_floating_cube.py
./isaaclab/source/isaaclab/test/envs/test_color_randomization.py
./isaaclab/source/isaaclab/test/envs/test_direct_marl_env.py
./isaaclab/source/isaaclab/test/envs/test_spaces_utils.py
./isaaclab/source/isaaclab/test/envs/test_manager_based_env.py
./isaaclab/source/isaaclab/test/envs/test_scale_randomization.py
./isaaclab/source/isaaclab/test/envs/test_env_rendering_logic.py
./isaaclab/source/isaaclab/test/envs/test_texture_randomization.py
./isaaclab/source/isaaclab/test/envs/test_manager_based_rl_env_obs_spaces.py
./isaaclab/source/isaaclab/test/envs/test_modify_env_param_curr_term.py
./isaaclab/source/isaaclab/test/envs/test_null_command_term.py
./isaaclab/source/isaaclab/test/envs/test_action_state_recorder_term.py
./isaaclab/source/isaaclab/test/envs/test_manager_based_rl_env_ui.py
./isaaclab/source/isaaclab/test/envs/check_manager_based_env_anymal_locomotion.py
./isaaclab/source/isaaclab/test/scene
./isaaclab/source/isaaclab/test/scene/test_interactive_scene.py
./isaaclab/source/isaaclab/test/scene/check_interactive_scene.py
./isaaclab/source/isaaclab/test/controllers
./isaaclab/source/isaaclab/test/controllers/test_pink_ik_components.py
./isaaclab/source/isaaclab/test/controllers/test_differential_ik.py
./isaaclab/source/isaaclab/test/controllers/test_null_space_posture_task.py
./isaaclab/source/isaaclab/test/controllers/test_local_frame_task.py
./isaaclab/source/isaaclab/test/controllers/test_operational_space.py
./isaaclab/source/isaaclab/test/controllers/test_pink_ik.py
./isaaclab/source/isaaclab/test/controllers/test_controller_utils.py
./isaaclab/source/isaaclab/test/controllers/simplified_test_robot.urdf
./isaaclab/source/isaaclab/test/controllers/urdfs
./isaaclab/source/isaaclab/test/controllers/urdfs/test_urdf_two_link_robot.urdf
./isaaclab/source/isaaclab/test/controllers/test_ik_configs
./isaaclab/source/isaaclab/test/controllers/test_ik_configs/pink_ik_gr1_test_configs.json
./isaaclab/source/isaaclab/test/controllers/test_ik_configs/README.md
./isaaclab/source/isaaclab/test/controllers/test_ik_configs/pink_ik_g1_test_configs.json
./isaaclab/source/isaaclab/test/assets
./isaaclab/source/isaaclab/test/assets/test_rigid_object_collection.py
./isaaclab/source/isaaclab/test/assets/check_external_force.py
./isaaclab/source/isaaclab/test/assets/check_ridgeback_franka.py
./isaaclab/source/isaaclab/test/assets/test_deformable_object.py
./isaaclab/source/isaaclab/test/assets/test_rigid_object.py
./isaaclab/source/isaaclab/test/assets/test_articulation.py
./isaaclab/source/isaaclab/test/assets/check_fixed_base_assets.py
./isaaclab/source/isaaclab/test/assets/test_surface_gripper.py
./isaaclab/source/isaaclab/test/utils
./isaaclab/source/isaaclab/test/utils/test_math.py
./isaaclab/source/isaaclab/test/utils/test_string.py
./isaaclab/source/isaaclab/test/utils/test_dict.py
./isaaclab/source/isaaclab/test/utils/test_hdf5_dataset_file_handler.py
./isaaclab/source/isaaclab/test/utils/test_noise.py
./isaaclab/source/isaaclab/test/utils/test_episode_data.py
./isaaclab/source/isaaclab/test/utils/test_assets.py
./isaaclab/source/isaaclab/test/utils/test_delay_buffer.py
./isaaclab/source/isaaclab/test/utils/test_modifiers.py
./isaaclab/source/isaaclab/test/utils/test_configclass.py
./isaaclab/source/isaaclab/test/utils/test_circular_buffer.py
./isaaclab/source/isaaclab/test/utils/test_timer.py
./isaaclab/source/isaaclab/isaaclab
./isaaclab/source/isaaclab/isaaclab/devices
./isaaclab/source/isaaclab/isaaclab/devices/spacemouse
./isaaclab/source/isaaclab/isaaclab/devices/spacemouse/__init__.py
./isaaclab/source/isaaclab/isaaclab/devices/spacemouse/utils.py
./isaaclab/source/isaaclab/isaaclab/devices/spacemouse/se2_spacemouse.py
./isaaclab/source/isaaclab/isaaclab/devices/spacemouse/se3_spacemouse.py
./isaaclab/source/isaaclab/isaaclab/devices/spacemouse/__pycache__
./isaaclab/source/isaaclab/isaaclab/devices/spacemouse/__pycache__/__init__.cpython-311.pyc
./isaaclab/source/isaaclab/isaaclab/devices/spacemouse/__pycache__/utils.cpython-311.pyc
./isaaclab/source/isaaclab/isaaclab/devices/spacemouse/__pycache__/se3_spacemouse.cpython-311.pyc
./isaaclab/source/isaaclab/isaaclab/devices/spacemouse/__pycache__/se2_spacemouse.cpython-311.pyc
./isaaclab/source/isaaclab/isaaclab/devices/keyboard
./isaaclab/source/isaaclab/isaaclab/devices/keyboard/se2_keyboard.py
./isaaclab/source/isaaclab/isaaclab/devices/keyboard/__init__.py
./isaaclab/source/isaaclab/isaaclab/devices/keyboard/se3_keyboard.py
./isaaclab/source/isaaclab/isaaclab/devices/keyboard/__pycache__
./isaaclab/source/isaaclab/isaaclab/devices/keyboard/__pycache__/__init__.cpython-311.pyc
./isaaclab/source/isaaclab/isaaclab/devices/keyboard/__pycache__/se3_keyboard.cpython-311.pyc
./isaaclab/source/isaaclab/isaaclab/devices/keyboard/__pycache__/se2_keyboard.cpython-311.pyc
./isaaclab/source/isaaclab/isaaclab/devices/__init__.py
./isaaclab/source/isaaclab/isaaclab/devices/device_base.py
./isaaclab/source/isaaclab/isaaclab/devices/retargeter_base.py
./isaaclab/source/isaaclab/isaaclab/devices/gamepad
./isaaclab/source/isaaclab/isaaclab/devices/gamepad/__init__.py
./isaaclab/source/isaaclab/isaaclab/devices/gamepad/se2_gamepad.py
./isaaclab/source/isaaclab/isaaclab/devices/gamepad/se3_gamepad.py
./isaaclab/source/isaaclab/isaaclab/devices/gamepad/__pycache__
./isaaclab/source/isaaclab/isaaclab/devices/gamepad/__pycache__/__init__.cpython-311.pyc
./isaaclab/source/isaaclab/isaaclab/devices/gamepad/__pycache__/se2_gamepad.cpython-311.pyc
./isaaclab/source/isaaclab/isaaclab/devices/gamepad/__pycache__/se3_gamepad.cpython-311.pyc
./isaaclab/source/isaaclab/isaaclab/devices/openxr
./isaaclab/source/isaaclab/isaaclab/devices/openxr/__init__.py
./isaaclab/source/isaaclab/isaaclab/devices/openxr/common.py
./isaaclab/source/isaaclab/isaaclab/devices/openxr/openxr_device.py
./isaaclab/source/isaaclab/isaaclab/devices/openxr/manus_vive_utils.py
./isaaclab/source/isaaclab/isaaclab/devices/openxr/retargeters
./isaaclab/source/isaaclab/isaaclab/devices/openxr/retargeters/__init__.py
./isaaclab/source/isaaclab/isaaclab/devices/openxr/retargeters/manipulator
./isaaclab/source/isaaclab/isaaclab/devices/openxr/retargeters/manipulator/__init__.py
./isaaclab/source/isaaclab/isaaclab/devices/openxr/retargeters/manipulator/se3_abs_retargeter.py
./isaaclab/source/isaaclab/isaaclab/devices/openxr/retargeters/manipulator/gripper_retargeter.py
./isaaclab/source/isaaclab/isaaclab/devices/openxr/retargeters/manipulator/se3_rel_retargeter.py
./isaaclab/source/isaaclab/isaaclab/devices/openxr/retargeters/manipulator/__pycache__
./isaaclab/source/isaaclab/isaaclab/devices/openxr/retargeters/manipulator/__pycache__/__init__.cpython-311.pyc
./isaaclab/source/isaaclab/isaaclab/devices/openxr/retargeters/manipulator/__pycache__/se3_rel_retargeter.cpython-311.pyc
./isaaclab/source/isaaclab/isaaclab/devices/openxr/retargeters/manipulator/__pycache__/se3_abs_retargeter.cpython-311.pyc
./isaaclab/source/isaaclab/isaaclab/devices/openxr/retargeters/manipulator/__pycache__/gripper_retargeter.cpython-311.pyc
./isaaclab/source/isaaclab/isaaclab/devices/openxr/retargeters/dex
./isaaclab/source/isaaclab/isaaclab/devices/openxr/retargeters/dex/dex_retargeter.py
./isaaclab/source/isaaclab/isaaclab/devices/openxr/retargeters/humanoid
./isaaclab/source/isaaclab/isaaclab/devices/openxr/retargeters/humanoid/fourier
./isaaclab/source/isaaclab/isaaclab/devices/openxr/retargeters/humanoid/fourier/gr1t2_retargeter.py
./isaaclab/source/isaaclab/isaaclab/devices/openxr/retargeters/humanoid/fourier/data
./isaaclab/source/isaaclab/isaaclab/devices/openxr/retargeters/humanoid/fourier/data/configs
./isaaclab/source/isaaclab/isaaclab/devices/openxr/retargeters/humanoid/fourier/data/configs/dex-retargeting
./isaaclab/source/isaaclab/isaaclab/devices/openxr/retargeters/humanoid/fourier/data/configs/dex-retargeting/fourier_hand_left_dexpilot.yml
./isaaclab/source/isaaclab/isaaclab/devices/openxr/retargeters/humanoid/fourier/data/configs/dex-retargeting/fourier_hand_right_dexpilot.yml
./isaaclab/source/isaaclab/isaaclab/devices/openxr/retargeters/humanoid/fourier/gr1_t2_dex_retargeting_utils.py
./isaaclab/source/isaaclab/isaaclab/devices/openxr/retargeters/humanoid/fourier/__pycache__
./isaaclab/source/isaaclab/isaaclab/devices/openxr/retargeters/humanoid/fourier/__pycache__/gr1_t2_dex_retargeting_utils.cpython-311.pyc
./isaaclab/source/isaaclab/isaaclab/devices/openxr/retargeters/humanoid/fourier/__pycache__/gr1t2_retargeter.cpython-311.pyc
./isaaclab/source/isaaclab/isaaclab/devices/openxr/retargeters/humanoid/unitree
./isaaclab/source/isaaclab/isaaclab/devices/openxr/retargeters/humanoid/unitree/inspire
./isaaclab/source/isaaclab/isaaclab/devices/openxr/retargeters/humanoid/unitree/inspire/g1_upper_body_retargeter.py
./isaaclab/source/isaaclab/isaaclab/devices/openxr/retargeters/humanoid/unitree/inspire/data
./isaaclab/source/isaaclab/isaaclab/devices/openxr/retargeters/humanoid/unitree/inspire/data/configs
./isaaclab/source/isaaclab/isaaclab/devices/openxr/retargeters/humanoid/unitree/inspire/data/configs/dex-retargeting
./isaaclab/source/isaaclab/isaaclab/devices/openxr/retargeters/humanoid/unitree/inspire/data/configs/dex-retargeting/unitree_hand_right_dexpilot.yml
./isaaclab/source/isaaclab/isaaclab/devices/openxr/retargeters/humanoid/unitree/inspire/data/configs/dex-retargeting/unitree_hand_left_dexpilot.yml
./isaaclab/source/isaaclab/isaaclab/devices/openxr/retargeters/humanoid/unitree/inspire/g1_dex_retargeting_utils.py
./isaaclab/source/isaaclab/isaaclab/devices/openxr/retargeters/humanoid/unitree/inspire/__pycache__
./isaaclab/source/isaaclab/isaaclab/devices/openxr/retargeters/humanoid/unitree/inspire/__pycache__/g1_dex_retargeting_utils.cpython-311.pyc
./isaaclab/source/isaaclab/isaaclab/devices/openxr/retargeters/humanoid/unitree/inspire/__pycache__/g1_upper_body_retargeter.cpython-311.pyc
./isaaclab/source/isaaclab/isaaclab/devices/openxr/retargeters/humanoid/unitree/trihand
./isaaclab/source/isaaclab/isaaclab/devices/openxr/retargeters/humanoid/unitree/trihand/g1_upper_body_retargeter.py
./isaaclab/source/isaaclab/isaaclab/devices/openxr/retargeters/humanoid/unitree/trihand/data
./isaaclab/source/isaaclab/isaaclab/devices/openxr/retargeters/humanoid/unitree/trihand/data/configs
./isaaclab/source/isaaclab/isaaclab/devices/openxr/retargeters/humanoid/unitree/trihand/data/configs/dex-retargeting
./isaaclab/source/isaaclab/isaaclab/devices/openxr/retargeters/humanoid/unitree/trihand/data/configs/dex-retargeting/g1_hand_right_dexpilot.yml
./isaaclab/source/isaaclab/isaaclab/devices/openxr/retargeters/humanoid/unitree/trihand/data/configs/dex-retargeting/g1_hand_left_dexpilot.yml
./isaaclab/source/isaaclab/isaaclab/devices/openxr/retargeters/humanoid/unitree/trihand/g1_dex_retargeting_utils.py
./isaaclab/source/isaaclab/isaaclab/devices/openxr/retargeters/humanoid/unitree/trihand/__pycache__
./isaaclab/source/isaaclab/isaaclab/devices/openxr/retargeters/humanoid/unitree/trihand/__pycache__/g1_dex_retargeting_utils.cpython-311.pyc
./isaaclab/source/isaaclab/isaaclab/devices/openxr/retargeters/humanoid/unitree/trihand/__pycache__/g1_upper_body_retargeter.cpython-311.pyc
./isaaclab/source/isaaclab/isaaclab/devices/openxr/retargeters/humanoid/unitree/g1_lower_body_standing.py
./isaaclab/source/isaaclab/isaaclab/devices/openxr/retargeters/humanoid/unitree/__pycache__
./isaaclab/source/isaaclab/isaaclab/devices/openxr/retargeters/humanoid/unitree/__pycache__/g1_lower_body_standing.cpython-311.pyc
./isaaclab/source/isaaclab/isaaclab/devices/openxr/retargeters/__pycache__
./isaaclab/source/isaaclab/isaaclab/devices/openxr/retargeters/__pycache__/__init__.cpython-311.pyc
./isaaclab/source/isaaclab/isaaclab/devices/openxr/xr_cfg.py
./isaaclab/source/isaaclab/isaaclab/devices/openxr/manus_vive.py
./isaaclab/source/isaaclab/isaaclab/devices/openxr/__pycache__
./isaaclab/source/isaaclab/isaaclab/devices/openxr/__pycache__/__init__.cpython-311.pyc
./isaaclab/source/isaaclab/isaaclab/devices/openxr/__pycache__/manus_vive_utils.cpython-311.pyc
./isaaclab/source/isaaclab/isaaclab/devices/openxr/__pycache__/common.cpython-311.pyc
./isaaclab/source/isaaclab/isaaclab/devices/openxr/__pycache__/openxr_device.cpython-311.pyc
./isaaclab/source/isaaclab/isaaclab/devices/openxr/__pycache__/xr_cfg.cpython-311.pyc
./isaaclab/source/isaaclab/isaaclab/devices/openxr/__pycache__/manus_vive.cpython-311.pyc
./isaaclab/source/isaaclab/isaaclab/devices/teleop_device_factory.py
./isaaclab/source/isaaclab/isaaclab/devices/__pycache__
./isaaclab/source/isaaclab/isaaclab/devices/__pycache__/__init__.cpython-311.pyc
./isaaclab/source/isaaclab/isaaclab/devices/__pycache__/retargeter_base.cpython-311.pyc
./isaaclab/source/isaaclab/isaaclab/devices/__pycache__/device_base.cpython-311.pyc
./isaaclab/source/isaaclab/isaaclab/devices/__pycache__/teleop_device_factory.cpython-311.pyc
./isaaclab/source/isaaclab/isaaclab/ui
./isaaclab/source/isaaclab/isaaclab/ui/widgets
./isaaclab/source/isaaclab/isaaclab/ui/widgets/ui_visualizer_base.py
./isaaclab/source/isaaclab/isaaclab/ui/widgets/__init__.py
./isaaclab/source/isaaclab/isaaclab/ui/widgets/line_plot.py
./isaaclab/source/isaaclab/isaaclab/ui/widgets/manager_live_visualizer.py
./isaaclab/source/isaaclab/isaaclab/ui/widgets/ui_widget_wrapper.py
./isaaclab/source/isaaclab/isaaclab/ui/widgets/image_plot.py
./isaaclab/source/isaaclab/isaaclab/ui/widgets/__pycache__
./isaaclab/source/isaaclab/isaaclab/ui/widgets/__pycache__/__init__.cpython-311.pyc
./isaaclab/source/isaaclab/isaaclab/ui/widgets/__pycache__/manager_live_visualizer.cpython-311.pyc
./isaaclab/source/isaaclab/isaaclab/ui/widgets/__pycache__/ui_widget_wrapper.cpython-311.pyc
./isaaclab/source/isaaclab/isaaclab/ui/widgets/__pycache__/ui_visualizer_base.cpython-311.pyc
./isaaclab/source/isaaclab/isaaclab/ui/widgets/__pycache__/line_plot.cpython-311.pyc
./isaaclab/source/isaaclab/isaaclab/ui/widgets/__pycache__/image_plot.cpython-311.pyc
./isaaclab/source/isaaclab/isaaclab/ui/xr_widgets
./isaaclab/source/isaaclab/isaaclab/ui/xr_widgets/__init__.py
./isaaclab/source/isaaclab/isaaclab/ui/xr_widgets/teleop_visualization_manager.py
./isaaclab/source/isaaclab/isaaclab/ui/xr_widgets/instruction_widget.py
./isaaclab/source/isaaclab/isaaclab/ui/xr_widgets/scene_visualization.py
./isaaclab/source/isaaclab/isaaclab/__init__.py
./isaaclab/source/isaaclab/isaaclab/markers
./isaaclab/source/isaaclab/isaaclab/markers/__init__.py
./isaaclab/source/isaaclab/isaaclab/markers/config
./isaaclab/source/isaaclab/isaaclab/markers/config/__init__.py
./isaaclab/source/isaaclab/isaaclab/markers/config/__pycache__
./isaaclab/source/isaaclab/isaaclab/markers/config/__pycache__/__init__.cpython-311.pyc
./isaaclab/source/isaaclab/isaaclab/markers/visualization_markers.py
./isaaclab/source/isaaclab/isaaclab/markers/__pycache__
./isaaclab/source/isaaclab/isaaclab/markers/__pycache__/__init__.cpython-311.pyc
./isaaclab/source/isaaclab/isaaclab/markers/__pycache__/visualization_markers.cpython-311.pyc
./isaaclab/source/isaaclab/isaaclab/sensors
./isaaclab/source/isaaclab/isaaclab/sensors/frame_transformer
./isaaclab/source/isaaclab/isaaclab/sensors/frame_transformer/__init__.py
./isaaclab/source/isaaclab/isaaclab/sensors/frame_transformer/frame_transformer.py
./isaaclab/source/isaaclab/isaaclab/sensors/frame_transformer/frame_transformer_data.py
./isaaclab/source/isaaclab/isaaclab/sensors/frame_transformer/frame_transformer_cfg.py
./isaaclab/source/isaaclab/isaaclab/sensors/frame_transformer/__pycache__
./isaaclab/source/isaaclab/isaaclab/sensors/frame_transformer/__pycache__/__init__.cpython-311.pyc
./isaaclab/source/isaaclab/isaaclab/sensors/frame_transformer/__pycache__/frame_transformer.cpython-311.pyc
./isaaclab/source/isaaclab/isaaclab/sensors/frame_transformer/__pycache__/frame_transformer_data.cpython-311.pyc
./isaaclab/source/isaaclab/isaaclab/sensors/frame_transformer/__pycache__/frame_transformer_cfg.cpython-311.pyc
./isaaclab/source/isaaclab/isaaclab/sensors/sensor_base.py
./isaaclab/source/isaaclab/isaaclab/sensors/__init__.py
./isaaclab/source/isaaclab/isaaclab/sensors/ray_caster
./isaaclab/source/isaaclab/isaaclab/sensors/ray_caster/__init__.py
./isaaclab/source/isaaclab/isaaclab/sensors/ray_caster/ray_caster.py
./isaaclab/source/isaaclab/isaaclab/sensors/ray_caster/ray_caster_camera_cfg.py
./isaaclab/source/isaaclab/isaaclab/sensors/ray_caster/ray_caster_data.py
./isaaclab/source/isaaclab/isaaclab/sensors/ray_caster/ray_caster_cfg.py
./isaaclab/source/isaaclab/isaaclab/sensors/ray_caster/ray_caster_camera.py
./isaaclab/source/isaaclab/isaaclab/sensors/ray_caster/patterns
./isaaclab/source/isaaclab/isaaclab/sensors/ray_caster/patterns/__init__.py
./isaaclab/source/isaaclab/isaaclab/sensors/ray_caster/patterns/patterns_cfg.py
./isaaclab/source/isaaclab/isaaclab/sensors/ray_caster/patterns/patterns.py
./isaaclab/source/isaaclab/isaaclab/sensors/ray_caster/patterns/__pycache__
./isaaclab/source/isaaclab/isaaclab/sensors/ray_caster/patterns/__pycache__/__init__.cpython-311.pyc
./isaaclab/source/isaaclab/isaaclab/sensors/ray_caster/patterns/__pycache__/patterns_cfg.cpython-311.pyc
./isaaclab/source/isaaclab/isaaclab/sensors/ray_caster/patterns/__pycache__/patterns.cpython-311.pyc
./isaaclab/source/isaaclab/isaaclab/sensors/ray_caster/__pycache__
./isaaclab/source/isaaclab/isaaclab/sensors/ray_caster/__pycache__/__init__.cpython-311.pyc
./isaaclab/source/isaaclab/isaaclab/sensors/ray_caster/__pycache__/ray_caster_camera.cpython-311.pyc
./isaaclab/source/isaaclab/isaaclab/sensors/ray_caster/__pycache__/ray_caster_cfg.cpython-311.pyc
./isaaclab/source/isaaclab/isaaclab/sensors/ray_caster/__pycache__/ray_caster_data.cpython-311.pyc
./isaaclab/source/isaaclab/isaaclab/sensors/ray_caster/__pycache__/ray_caster.cpython-311.pyc
./isaaclab/source/isaaclab/isaaclab/sensors/ray_caster/__pycache__/ray_caster_camera_cfg.cpython-311.pyc
./isaaclab/source/isaaclab/isaaclab/sensors/camera
./isaaclab/source/isaaclab/isaaclab/sensors/camera/__init__.py
./isaaclab/source/isaaclab/isaaclab/sensors/camera/camera_cfg.py
./isaaclab/source/isaaclab/isaaclab/sensors/camera/utils.py
./isaaclab/source/isaaclab/isaaclab/sensors/camera/tiled_camera_cfg.py
./isaaclab/source/isaaclab/isaaclab/sensors/camera/tiled_camera.py
./isaaclab/source/isaaclab/isaaclab/sensors/camera/camera_data.py
./isaaclab/source/isaaclab/isaaclab/sensors/camera/camera.py
./isaaclab/source/isaaclab/isaaclab/sensors/camera/__pycache__
./isaaclab/source/isaaclab/isaaclab/sensors/camera/__pycache__/__init__.cpython-311.pyc
./isaaclab/source/isaaclab/isaaclab/sensors/camera/__pycache__/camera_data.cpython-311.pyc
./isaaclab/source/isaaclab/isaaclab/sensors/camera/__pycache__/camera_cfg.cpython-311.pyc
./isaaclab/source/isaaclab/isaaclab/sensors/camera/__pycache__/camera.cpython-311.pyc
./isaaclab/source/isaaclab/isaaclab/sensors/camera/__pycache__/tiled_camera.cpython-311.pyc
./isaaclab/source/isaaclab/isaaclab/sensors/camera/__pycache__/tiled_camera_cfg.cpython-311.pyc
./isaaclab/source/isaaclab/isaaclab/sensors/camera/__pycache__/utils.cpython-311.pyc
./isaaclab/source/isaaclab/isaaclab/sensors/imu
./isaaclab/source/isaaclab/isaaclab/sensors/imu/__init__.py
./isaaclab/source/isaaclab/isaaclab/sensors/imu/imu.py
./isaaclab/source/isaaclab/isaaclab/sensors/imu/imu_data.py
./isaaclab/source/isaaclab/isaaclab/sensors/imu/imu_cfg.py
./isaaclab/source/isaaclab/isaaclab/sensors/imu/__pycache__
./isaaclab/source/isaaclab/isaaclab/sensors/imu/__pycache__/__init__.cpython-311.pyc
./isaaclab/source/isaaclab/isaaclab/sensors/imu/__pycache__/imu.cpython-311.pyc
./isaaclab/source/isaaclab/isaaclab/sensors/imu/__pycache__/imu_cfg.cpython-311.pyc
./isaaclab/source/isaaclab/isaaclab/sensors/imu/__pycache__/imu_data.cpython-311.pyc
./isaaclab/source/isaaclab/isaaclab/sensors/contact_sensor
./isaaclab/source/isaaclab/isaaclab/sensors/contact_sensor/contact_sensor_data.py
./isaaclab/source/isaaclab/isaaclab/sensors/contact_sensor/__init__.py
./isaaclab/source/isaaclab/isaaclab/sensors/contact_sensor/contact_sensor.py
./isaaclab/source/isaaclab/isaaclab/sensors/contact_sensor/contact_sensor_cfg.py
./isaaclab/source/isaaclab/isaaclab/sensors/contact_sensor/__pycache__
./isaaclab/source/isaaclab/isaaclab/sensors/contact_sensor/__pycache__/__init__.cpython-311.pyc
./isaaclab/source/isaaclab/isaaclab/sensors/contact_sensor/__pycache__/contact_sensor.cpython-311.pyc
./isaaclab/source/isaaclab/isaaclab/sensors/contact_sensor/__pycache__/contact_sensor_cfg.cpython-311.pyc
./isaaclab/source/isaaclab/isaaclab/sensors/contact_sensor/__pycache__/contact_sensor_data.cpython-311.pyc
./isaaclab/source/isaaclab/isaaclab/sensors/sensor_base_cfg.py
./isaaclab/source/isaaclab/isaaclab/sensors/__pycache__
./isaaclab/source/isaaclab/isaaclab/sensors/__pycache__/__init__.cpython-311.pyc
./isaaclab/source/isaaclab/isaaclab/sensors/__pycache__/sensor_base.cpython-311.pyc
./isaaclab/source/isaaclab/isaaclab/sensors/__pycache__/sensor_base_cfg.cpython-311.pyc
./isaaclab/source/isaaclab/isaaclab/sim
./isaaclab/source/isaaclab/isaaclab/sim/__init__.py
./isaaclab/source/isaaclab/isaaclab/sim/schemas
./isaaclab/source/isaaclab/isaaclab/sim/schemas/__init__.py
./isaaclab/source/isaaclab/isaaclab/sim/schemas/schemas_cfg.py
./isaaclab/source/isaaclab/isaaclab/sim/schemas/schemas.py
./isaaclab/source/isaaclab/isaaclab/sim/schemas/__pycache__
./isaaclab/source/isaaclab/isaaclab/sim/schemas/__pycache__/__init__.cpython-311.pyc
./isaaclab/source/isaaclab/isaaclab/sim/schemas/__pycache__/schemas.cpython-311.pyc
./isaaclab/source/isaaclab/isaaclab/sim/schemas/__pycache__/schemas_cfg.cpython-311.pyc
./isaaclab/source/isaaclab/isaaclab/sim/utils.py
./isaaclab/source/isaaclab/isaaclab/sim/converters
./isaaclab/source/isaaclab/isaaclab/sim/converters/mesh_converter.py
./isaaclab/source/isaaclab/isaaclab/sim/converters/__init__.py
./isaaclab/source/isaaclab/isaaclab/sim/converters/asset_converter_base.py
./isaaclab/source/isaaclab/isaaclab/sim/converters/mjcf_converter_cfg.py
./isaaclab/source/isaaclab/isaaclab/sim/converters/mjcf_converter.py
./isaaclab/source/isaaclab/isaaclab/sim/converters/mesh_converter_cfg.py
./isaaclab/source/isaaclab/isaaclab/sim/converters/asset_converter_base_cfg.py
./isaaclab/source/isaaclab/isaaclab/sim/converters/urdf_converter.py
./isaaclab/source/isaaclab/isaaclab/sim/converters/urdf_converter_cfg.py
./isaaclab/source/isaaclab/isaaclab/sim/converters/__pycache__
./isaaclab/source/isaaclab/isaaclab/sim/converters/__pycache__/mjcf_converter_cfg.cpython-311.pyc
./isaaclab/source/isaaclab/isaaclab/sim/converters/__pycache__/__init__.cpython-311.pyc
./isaaclab/source/isaaclab/isaaclab/sim/converters/__pycache__/urdf_converter.cpython-311.pyc
./isaaclab/source/isaaclab/isaaclab/sim/converters/__pycache__/asset_converter_base_cfg.cpython-311.pyc
./isaaclab/source/isaaclab/isaaclab/sim/converters/__pycache__/urdf_converter_cfg.cpython-311.pyc
./isaaclab/source/isaaclab/isaaclab/sim/converters/__pycache__/mesh_converter.cpython-311.pyc
./isaaclab/source/isaaclab/isaaclab/sim/converters/__pycache__/mesh_converter_cfg.cpython-311.pyc
./isaaclab/source/isaaclab/isaaclab/sim/converters/__pycache__/mjcf_converter.cpython-311.pyc
./isaaclab/source/isaaclab/isaaclab/sim/converters/__pycache__/asset_converter_base.cpython-311.pyc
./isaaclab/source/isaaclab/isaaclab/sim/simulation_context.py
./isaaclab/source/isaaclab/isaaclab/sim/simulation_cfg.py
./isaaclab/source/isaaclab/isaaclab/sim/spawners
./isaaclab/source/isaaclab/isaaclab/sim/spawners/shapes
./isaaclab/source/isaaclab/isaaclab/sim/spawners/shapes/__init__.py
./isaaclab/source/isaaclab/isaaclab/sim/spawners/shapes/shapes_cfg.py
./isaaclab/source/isaaclab/isaaclab/sim/spawners/shapes/shapes.py
./isaaclab/source/isaaclab/isaaclab/sim/spawners/shapes/__pycache__
./isaaclab/source/isaaclab/isaaclab/sim/spawners/shapes/__pycache__/__init__.cpython-311.pyc
./isaaclab/source/isaaclab/isaaclab/sim/spawners/shapes/__pycache__/shapes_cfg.cpython-311.pyc
./isaaclab/source/isaaclab/isaaclab/sim/spawners/shapes/__pycache__/shapes.cpython-311.pyc
./isaaclab/source/isaaclab/isaaclab/sim/spawners/__init__.py
./isaaclab/source/isaaclab/isaaclab/sim/spawners/spawner_cfg.py
./isaaclab/source/isaaclab/isaaclab/sim/spawners/sensors
./isaaclab/source/isaaclab/isaaclab/sim/spawners/sensors/__init__.py
./isaaclab/source/isaaclab/isaaclab/sim/spawners/sensors/sensors.py
./isaaclab/source/isaaclab/isaaclab/sim/spawners/sensors/sensors_cfg.py
./isaaclab/source/isaaclab/isaaclab/sim/spawners/sensors/__pycache__
./isaaclab/source/isaaclab/isaaclab/sim/spawners/sensors/__pycache__/__init__.cpython-311.pyc
./isaaclab/source/isaaclab/isaaclab/sim/spawners/sensors/__pycache__/sensors.cpython-311.pyc
./isaaclab/source/isaaclab/isaaclab/sim/spawners/sensors/__pycache__/sensors_cfg.cpython-311.pyc
./isaaclab/source/isaaclab/isaaclab/sim/spawners/lights
./isaaclab/source/isaaclab/isaaclab/sim/spawners/lights/__init__.py
./isaaclab/source/isaaclab/isaaclab/sim/spawners/lights/lights.py
./isaaclab/source/isaaclab/isaaclab/sim/spawners/lights/lights_cfg.py
./isaaclab/source/isaaclab/isaaclab/sim/spawners/lights/__pycache__
./isaaclab/source/isaaclab/isaaclab/sim/spawners/lights/__pycache__/__init__.cpython-311.pyc
./isaaclab/source/isaaclab/isaaclab/sim/spawners/lights/__pycache__/lights_cfg.cpython-311.pyc
./isaaclab/source/isaaclab/isaaclab/sim/spawners/lights/__pycache__/lights.cpython-311.pyc
./isaaclab/source/isaaclab/isaaclab/sim/spawners/from_files
./isaaclab/source/isaaclab/isaaclab/sim/spawners/from_files/__init__.py
./isaaclab/source/isaaclab/isaaclab/sim/spawners/from_files/from_files.py
./isaaclab/source/isaaclab/isaaclab/sim/spawners/from_files/from_files_cfg.py
./isaaclab/source/isaaclab/isaaclab/sim/spawners/from_files/__pycache__
./isaaclab/source/isaaclab/isaaclab/sim/spawners/from_files/__pycache__/__init__.cpython-311.pyc
./isaaclab/source/isaaclab/isaaclab/sim/spawners/from_files/__pycache__/from_files.cpython-311.pyc
./isaaclab/source/isaaclab/isaaclab/sim/spawners/from_files/__pycache__/from_files_cfg.cpython-311.pyc
./isaaclab/source/isaaclab/isaaclab/sim/spawners/meshes
./isaaclab/source/isaaclab/isaaclab/sim/spawners/meshes/__init__.py
./isaaclab/source/isaaclab/isaaclab/sim/spawners/meshes/meshes_cfg.py
./isaaclab/source/isaaclab/isaaclab/sim/spawners/meshes/meshes.py
./isaaclab/source/isaaclab/isaaclab/sim/spawners/meshes/__pycache__
./isaaclab/source/isaaclab/isaaclab/sim/spawners/meshes/__pycache__/__init__.cpython-311.pyc
./isaaclab/source/isaaclab/isaaclab/sim/spawners/meshes/__pycache__/meshes_cfg.cpython-311.pyc
./isaaclab/source/isaaclab/isaaclab/sim/spawners/meshes/__pycache__/meshes.cpython-311.pyc
./isaaclab/source/isaaclab/isaaclab/sim/spawners/wrappers
./isaaclab/source/isaaclab/isaaclab/sim/spawners/wrappers/__init__.py
./isaaclab/source/isaaclab/isaaclab/sim/spawners/wrappers/wrappers.py
./isaaclab/source/isaaclab/isaaclab/sim/spawners/wrappers/wrappers_cfg.py
./isaaclab/source/isaaclab/isaaclab/sim/spawners/wrappers/__pycache__
./isaaclab/source/isaaclab/isaaclab/sim/spawners/wrappers/__pycache__/__init__.cpython-311.pyc
./isaaclab/source/isaaclab/isaaclab/sim/spawners/wrappers/__pycache__/wrappers_cfg.cpython-311.pyc
./isaaclab/source/isaaclab/isaaclab/sim/spawners/wrappers/__pycache__/wrappers.cpython-311.pyc
./isaaclab/source/isaaclab/isaaclab/sim/spawners/materials
./isaaclab/source/isaaclab/isaaclab/sim/spawners/materials/__init__.py
./isaaclab/source/isaaclab/isaaclab/sim/spawners/materials/physics_materials_cfg.py
./isaaclab/source/isaaclab/isaaclab/sim/spawners/materials/physics_materials.py
./isaaclab/source/isaaclab/isaaclab/sim/spawners/materials/visual_materials.py
./isaaclab/source/isaaclab/isaaclab/sim/spawners/materials/visual_materials_cfg.py
./isaaclab/source/isaaclab/isaaclab/sim/spawners/materials/__pycache__
./isaaclab/source/isaaclab/isaaclab/sim/spawners/materials/__pycache__/__init__.cpython-311.pyc
./isaaclab/source/isaaclab/isaaclab/sim/spawners/materials/__pycache__/visual_materials_cfg.cpython-311.pyc
./isaaclab/source/isaaclab/isaaclab/sim/spawners/materials/__pycache__/physics_materials.cpython-311.pyc
./isaaclab/source/isaaclab/isaaclab/sim/spawners/materials/__pycache__/visual_materials.cpython-311.pyc
./isaaclab/source/isaaclab/isaaclab/sim/spawners/materials/__pycache__/physics_materials_cfg.cpython-311.pyc
./isaaclab/source/isaaclab/isaaclab/sim/spawners/__pycache__
./isaaclab/source/isaaclab/isaaclab/sim/spawners/__pycache__/__init__.cpython-311.pyc
./isaaclab/source/isaaclab/isaaclab/sim/spawners/__pycache__/spawner_cfg.cpython-311.pyc
./isaaclab/source/isaaclab/isaaclab/sim/__pycache__
./isaaclab/source/isaaclab/isaaclab/sim/__pycache__/__init__.cpython-311.pyc
./isaaclab/source/isaaclab/isaaclab/sim/__pycache__/simulation_cfg.cpython-311.pyc
./isaaclab/source/isaaclab/isaaclab/sim/__pycache__/utils.cpython-311.pyc
./isaaclab/source/isaaclab/isaaclab/sim/__pycache__/simulation_context.cpython-311.pyc
./isaaclab/source/isaaclab/isaaclab/actuators
./isaaclab/source/isaaclab/isaaclab/actuators/__init__.py
./isaaclab/source/isaaclab/isaaclab/actuators/actuator_base.py
./isaaclab/source/isaaclab/isaaclab/actuators/actuator_net.py
./isaaclab/source/isaaclab/isaaclab/actuators/actuator_cfg.py
./isaaclab/source/isaaclab/isaaclab/actuators/actuator_pd.py
./isaaclab/source/isaaclab/isaaclab/actuators/__pycache__
./isaaclab/source/isaaclab/isaaclab/actuators/__pycache__/__init__.cpython-311.pyc
./isaaclab/source/isaaclab/isaaclab/actuators/__pycache__/actuator_cfg.cpython-311.pyc
./isaaclab/source/isaaclab/isaaclab/actuators/__pycache__/actuator_base.cpython-311.pyc
./isaaclab/source/isaaclab/isaaclab/actuators/__pycache__/actuator_net.cpython-311.pyc
./isaaclab/source/isaaclab/isaaclab/actuators/__pycache__/actuator_pd.cpython-311.pyc
./isaaclab/source/isaaclab/isaaclab/terrains
./isaaclab/source/isaaclab/isaaclab/terrains/__init__.py
./isaaclab/source/isaaclab/isaaclab/terrains/config
./isaaclab/source/isaaclab/isaaclab/terrains/config/__init__.py
./isaaclab/source/isaaclab/isaaclab/terrains/config/rough.py
./isaaclab/source/isaaclab/isaaclab/terrains/terrain_generator.py
./isaaclab/source/isaaclab/isaaclab/terrains/utils.py
./isaaclab/source/isaaclab/isaaclab/terrains/trimesh
./isaaclab/source/isaaclab/isaaclab/terrains/trimesh/__init__.py
./isaaclab/source/isaaclab/isaaclab/terrains/trimesh/utils.py
./isaaclab/source/isaaclab/isaaclab/terrains/trimesh/mesh_terrains_cfg.py
./isaaclab/source/isaaclab/isaaclab/terrains/trimesh/mesh_terrains.py
./isaaclab/source/isaaclab/isaaclab/terrains/trimesh/__pycache__
./isaaclab/source/isaaclab/isaaclab/terrains/trimesh/__pycache__/__init__.cpython-311.pyc
./isaaclab/source/isaaclab/isaaclab/terrains/trimesh/__pycache__/mesh_terrains.cpython-311.pyc
./isaaclab/source/isaaclab/isaaclab/terrains/trimesh/__pycache__/mesh_terrains_cfg.cpython-311.pyc
./isaaclab/source/isaaclab/isaaclab/terrains/trimesh/__pycache__/utils.cpython-311.pyc
./isaaclab/source/isaaclab/isaaclab/terrains/terrain_generator_cfg.py
./isaaclab/source/isaaclab/isaaclab/terrains/height_field
./isaaclab/source/isaaclab/isaaclab/terrains/height_field/__init__.py
./isaaclab/source/isaaclab/isaaclab/terrains/height_field/utils.py
./isaaclab/source/isaaclab/isaaclab/terrains/height_field/hf_terrains_cfg.py
./isaaclab/source/isaaclab/isaaclab/terrains/height_field/hf_terrains.py
./isaaclab/source/isaaclab/isaaclab/terrains/height_field/__pycache__
./isaaclab/source/isaaclab/isaaclab/terrains/height_field/__pycache__/__init__.cpython-311.pyc
./isaaclab/source/isaaclab/isaaclab/terrains/height_field/__pycache__/hf_terrains.cpython-311.pyc
./isaaclab/source/isaaclab/isaaclab/terrains/height_field/__pycache__/utils.cpython-311.pyc
./isaaclab/source/isaaclab/isaaclab/terrains/height_field/__pycache__/hf_terrains_cfg.cpython-311.pyc
./isaaclab/source/isaaclab/isaaclab/terrains/terrain_importer.py
./isaaclab/source/isaaclab/isaaclab/terrains/sub_terrain_cfg.py
./isaaclab/source/isaaclab/isaaclab/terrains/terrain_importer_cfg.py
./isaaclab/source/isaaclab/isaaclab/terrains/__pycache__
./isaaclab/source/isaaclab/isaaclab/terrains/__pycache__/__init__.cpython-311.pyc
./isaaclab/source/isaaclab/isaaclab/terrains/__pycache__/terrain_importer.cpython-311.pyc
./isaaclab/source/isaaclab/isaaclab/terrains/__pycache__/terrain_importer_cfg.cpython-311.pyc
./isaaclab/source/isaaclab/isaaclab/terrains/__pycache__/terrain_generator.cpython-311.pyc
./isaaclab/source/isaaclab/isaaclab/terrains/__pycache__/terrain_generator_cfg.cpython-311.pyc
./isaaclab/source/isaaclab/isaaclab/terrains/__pycache__/utils.cpython-311.pyc
./isaaclab/source/isaaclab/isaaclab/terrains/__pycache__/sub_terrain_cfg.cpython-311.pyc
./isaaclab/source/isaaclab/isaaclab/managers
./isaaclab/source/isaaclab/isaaclab/managers/__init__.py
./isaaclab/source/isaaclab/isaaclab/managers/scene_entity_cfg.py
./isaaclab/source/isaaclab/isaaclab/managers/curriculum_manager.py
./isaaclab/source/isaaclab/isaaclab/managers/manager_base.py
./isaaclab/source/isaaclab/isaaclab/managers/event_manager.py
./isaaclab/source/isaaclab/isaaclab/managers/action_manager.py
./isaaclab/source/isaaclab/isaaclab/managers/recorder_manager.py
./isaaclab/source/isaaclab/isaaclab/managers/manager_term_cfg.py
./isaaclab/source/isaaclab/isaaclab/managers/command_manager.py
./isaaclab/source/isaaclab/isaaclab/managers/termination_manager.py
./isaaclab/source/isaaclab/isaaclab/managers/observation_manager.py
./isaaclab/source/isaaclab/isaaclab/managers/reward_manager.py
./isaaclab/source/isaaclab/isaaclab/managers/__pycache__
./isaaclab/source/isaaclab/isaaclab/managers/__pycache__/__init__.cpython-311.pyc
./isaaclab/source/isaaclab/isaaclab/managers/__pycache__/action_manager.cpython-311.pyc
./isaaclab/source/isaaclab/isaaclab/managers/__pycache__/manager_term_cfg.cpython-311.pyc
./isaaclab/source/isaaclab/isaaclab/managers/__pycache__/manager_base.cpython-311.pyc
./isaaclab/source/isaaclab/isaaclab/managers/__pycache__/command_manager.cpython-311.pyc
./isaaclab/source/isaaclab/isaaclab/managers/__pycache__/termination_manager.cpython-311.pyc
./isaaclab/source/isaaclab/isaaclab/managers/__pycache__/reward_manager.cpython-311.pyc
./isaaclab/source/isaaclab/isaaclab/managers/__pycache__/curriculum_manager.cpython-311.pyc
./isaaclab/source/isaaclab/isaaclab/managers/__pycache__/observation_manager.cpython-311.pyc
./isaaclab/source/isaaclab/isaaclab/managers/__pycache__/scene_entity_cfg.cpython-311.pyc
./isaaclab/source/isaaclab/isaaclab/managers/__pycache__/event_manager.cpython-311.pyc
./isaaclab/source/isaaclab/isaaclab/managers/__pycache__/recorder_manager.cpython-311.pyc
./isaaclab/source/isaaclab/isaaclab/app
./isaaclab/source/isaaclab/isaaclab/app/__init__.py
./isaaclab/source/isaaclab/isaaclab/app/app_launcher.py
./isaaclab/source/isaaclab/isaaclab/app/__pycache__
./isaaclab/source/isaaclab/isaaclab/app/__pycache__/__init__.cpython-311.pyc
./isaaclab/source/isaaclab/isaaclab/app/__pycache__/app_launcher.cpython-311.pyc
./isaaclab/source/isaaclab/isaaclab/envs
./isaaclab/source/isaaclab/isaaclab/envs/manager_based_rl_mimic_env.py
./isaaclab/source/isaaclab/isaaclab/envs/ui
./isaaclab/source/isaaclab/isaaclab/envs/ui/__init__.py
./isaaclab/source/isaaclab/isaaclab/envs/ui/manager_based_rl_env_window.py
./isaaclab/source/isaaclab/isaaclab/envs/ui/base_env_window.py
./isaaclab/source/isaaclab/isaaclab/envs/ui/viewport_camera_controller.py
./isaaclab/source/isaaclab/isaaclab/envs/ui/empty_window.py
./isaaclab/source/isaaclab/isaaclab/envs/ui/__pycache__
./isaaclab/source/isaaclab/isaaclab/envs/ui/__pycache__/__init__.cpython-311.pyc
./isaaclab/source/isaaclab/isaaclab/envs/ui/__pycache__/manager_based_rl_env_window.cpython-311.pyc
./isaaclab/source/isaaclab/isaaclab/envs/ui/__pycache__/base_env_window.cpython-311.pyc
./isaaclab/source/isaaclab/isaaclab/envs/ui/__pycache__/viewport_camera_controller.cpython-311.pyc
./isaaclab/source/isaaclab/isaaclab/envs/ui/__pycache__/empty_window.cpython-311.pyc
./isaaclab/source/isaaclab/isaaclab/envs/__init__.py
./isaaclab/source/isaaclab/isaaclab/envs/direct_rl_env.py
./isaaclab/source/isaaclab/isaaclab/envs/direct_rl_env_cfg.py
./isaaclab/source/isaaclab/isaaclab/envs/common.py
./isaaclab/source/isaaclab/isaaclab/envs/direct_marl_env.py
./isaaclab/source/isaaclab/isaaclab/envs/manager_based_rl_env.py
./isaaclab/source/isaaclab/isaaclab/envs/direct_marl_env_cfg.py
./isaaclab/source/isaaclab/isaaclab/envs/manager_based_rl_env_cfg.py
./isaaclab/source/isaaclab/isaaclab/envs/mdp
./isaaclab/source/isaaclab/isaaclab/envs/mdp/__init__.py
./isaaclab/source/isaaclab/isaaclab/envs/mdp/events.py
./isaaclab/source/isaaclab/isaaclab/envs/mdp/recorders
./isaaclab/source/isaaclab/isaaclab/envs/mdp/recorders/__init__.py
./isaaclab/source/isaaclab/isaaclab/envs/mdp/recorders/recorders.py
./isaaclab/source/isaaclab/isaaclab/envs/mdp/recorders/recorders_cfg.py
./isaaclab/source/isaaclab/isaaclab/envs/mdp/recorders/__pycache__
./isaaclab/source/isaaclab/isaaclab/envs/mdp/recorders/__pycache__/__init__.cpython-311.pyc
./isaaclab/source/isaaclab/isaaclab/envs/mdp/recorders/__pycache__/recorders.cpython-311.pyc
./isaaclab/source/isaaclab/isaaclab/envs/mdp/recorders/__pycache__/recorders_cfg.cpython-311.pyc
./isaaclab/source/isaaclab/isaaclab/envs/mdp/observations.py
./isaaclab/source/isaaclab/isaaclab/envs/mdp/commands
./isaaclab/source/isaaclab/isaaclab/envs/mdp/commands/__init__.py
./isaaclab/source/isaaclab/isaaclab/envs/mdp/commands/null_command.py
./isaaclab/source/isaaclab/isaaclab/envs/mdp/commands/pose_2d_command.py
./isaaclab/source/isaaclab/isaaclab/envs/mdp/commands/velocity_command.py
./isaaclab/source/isaaclab/isaaclab/envs/mdp/commands/pose_command.py
./isaaclab/source/isaaclab/isaaclab/envs/mdp/commands/commands_cfg.py
./isaaclab/source/isaaclab/isaaclab/envs/mdp/commands/__pycache__
./isaaclab/source/isaaclab/isaaclab/envs/mdp/commands/__pycache__/pose_command.cpython-311.pyc
./isaaclab/source/isaaclab/isaaclab/envs/mdp/commands/__pycache__/__init__.cpython-311.pyc
./isaaclab/source/isaaclab/isaaclab/envs/mdp/commands/__pycache__/commands_cfg.cpython-311.pyc
./isaaclab/source/isaaclab/isaaclab/envs/mdp/commands/__pycache__/velocity_command.cpython-311.pyc
./isaaclab/source/isaaclab/isaaclab/envs/mdp/commands/__pycache__/null_command.cpython-311.pyc
./isaaclab/source/isaaclab/isaaclab/envs/mdp/commands/__pycache__/pose_2d_command.cpython-311.pyc
./isaaclab/source/isaaclab/isaaclab/envs/mdp/terminations.py
./isaaclab/source/isaaclab/isaaclab/envs/mdp/curriculums.py
./isaaclab/source/isaaclab/isaaclab/envs/mdp/rewards.py
./isaaclab/source/isaaclab/isaaclab/envs/mdp/actions
./isaaclab/source/isaaclab/isaaclab/envs/mdp/actions/__init__.py
./isaaclab/source/isaaclab/isaaclab/envs/mdp/actions/joint_actions_to_limits.py
./isaaclab/source/isaaclab/isaaclab/envs/mdp/actions/pink_task_space_actions.py
./isaaclab/source/isaaclab/isaaclab/envs/mdp/actions/pink_actions_cfg.py
./isaaclab/source/isaaclab/isaaclab/envs/mdp/actions/rmpflow_task_space_actions.py
./isaaclab/source/isaaclab/isaaclab/envs/mdp/actions/actions_cfg.py
./isaaclab/source/isaaclab/isaaclab/envs/mdp/actions/task_space_actions.py
./isaaclab/source/isaaclab/isaaclab/envs/mdp/actions/rmpflow_actions_cfg.py
./isaaclab/source/isaaclab/isaaclab/envs/mdp/actions/surface_gripper_actions.py
./isaaclab/source/isaaclab/isaaclab/envs/mdp/actions/binary_joint_actions.py
./isaaclab/source/isaaclab/isaaclab/envs/mdp/actions/non_holonomic_actions.py
./isaaclab/source/isaaclab/isaaclab/envs/mdp/actions/joint_actions.py
./isaaclab/source/isaaclab/isaaclab/envs/mdp/actions/__pycache__
./isaaclab/source/isaaclab/isaaclab/envs/mdp/actions/__pycache__/__init__.cpython-311.pyc
./isaaclab/source/isaaclab/isaaclab/envs/mdp/actions/__pycache__/joint_actions.cpython-311.pyc
./isaaclab/source/isaaclab/isaaclab/envs/mdp/actions/__pycache__/actions_cfg.cpython-311.pyc
./isaaclab/source/isaaclab/isaaclab/envs/mdp/actions/__pycache__/task_space_actions.cpython-311.pyc
./isaaclab/source/isaaclab/isaaclab/envs/mdp/actions/__pycache__/surface_gripper_actions.cpython-311.pyc
./isaaclab/source/isaaclab/isaaclab/envs/mdp/actions/__pycache__/binary_joint_actions.cpython-311.pyc
./isaaclab/source/isaaclab/isaaclab/envs/mdp/actions/__pycache__/non_holonomic_actions.cpython-311.pyc
./isaaclab/source/isaaclab/isaaclab/envs/mdp/actions/__pycache__/joint_actions_to_limits.cpython-311.pyc
./isaaclab/source/isaaclab/isaaclab/envs/mdp/__pycache__
./isaaclab/source/isaaclab/isaaclab/envs/mdp/__pycache__/__init__.cpython-311.pyc
./isaaclab/source/isaaclab/isaaclab/envs/mdp/__pycache__/rewards.cpython-311.pyc
./isaaclab/source/isaaclab/isaaclab/envs/mdp/__pycache__/events.cpython-311.pyc
./isaaclab/source/isaaclab/isaaclab/envs/mdp/__pycache__/observations.cpython-311.pyc
./isaaclab/source/isaaclab/isaaclab/envs/mdp/__pycache__/terminations.cpython-311.pyc
./isaaclab/source/isaaclab/isaaclab/envs/mdp/__pycache__/curriculums.cpython-311.pyc
./isaaclab/source/isaaclab/isaaclab/envs/mimic_env_cfg.py
./isaaclab/source/isaaclab/isaaclab/envs/manager_based_env_cfg.py
./isaaclab/source/isaaclab/isaaclab/envs/manager_based_env.py
./isaaclab/source/isaaclab/isaaclab/envs/utils
./isaaclab/source/isaaclab/isaaclab/envs/utils/__init__.py
./isaaclab/source/isaaclab/isaaclab/envs/utils/spaces.py
./isaaclab/source/isaaclab/isaaclab/envs/utils/io_descriptors.py
./isaaclab/source/isaaclab/isaaclab/envs/utils/marl.py
./isaaclab/source/isaaclab/isaaclab/envs/utils/__pycache__
./isaaclab/source/isaaclab/isaaclab/envs/utils/__pycache__/__init__.cpython-311.pyc
./isaaclab/source/isaaclab/isaaclab/envs/utils/__pycache__/io_descriptors.cpython-311.pyc
./isaaclab/source/isaaclab/isaaclab/envs/utils/__pycache__/spaces.cpython-311.pyc
./isaaclab/source/isaaclab/isaaclab/envs/utils/__pycache__/marl.cpython-311.pyc
./isaaclab/source/isaaclab/isaaclab/envs/__pycache__
./isaaclab/source/isaaclab/isaaclab/envs/__pycache__/__init__.cpython-311.pyc
./isaaclab/source/isaaclab/isaaclab/envs/__pycache__/direct_marl_env.cpython-311.pyc
./isaaclab/source/isaaclab/isaaclab/envs/__pycache__/direct_rl_env_cfg.cpython-311.pyc
./isaaclab/source/isaaclab/isaaclab/envs/__pycache__/common.cpython-311.pyc
./isaaclab/source/isaaclab/isaaclab/envs/__pycache__/manager_based_rl_env.cpython-311.pyc
./isaaclab/source/isaaclab/isaaclab/envs/__pycache__/direct_marl_env_cfg.cpython-311.pyc
./isaaclab/source/isaaclab/isaaclab/envs/__pycache__/direct_rl_env.cpython-311.pyc
./isaaclab/source/isaaclab/isaaclab/envs/__pycache__/manager_based_rl_mimic_env.cpython-311.pyc
./isaaclab/source/isaaclab/isaaclab/envs/__pycache__/manager_based_env.cpython-311.pyc
./isaaclab/source/isaaclab/isaaclab/envs/__pycache__/manager_based_env_cfg.cpython-311.pyc
./isaaclab/source/isaaclab/isaaclab/envs/__pycache__/manager_based_rl_env_cfg.cpython-311.pyc
./isaaclab/source/isaaclab/isaaclab/envs/__pycache__/mimic_env_cfg.cpython-311.pyc
./isaaclab/source/isaaclab/isaaclab/scene
./isaaclab/source/isaaclab/isaaclab/scene/__init__.py
./isaaclab/source/isaaclab/isaaclab/scene/interactive_scene.py
./isaaclab/source/isaaclab/isaaclab/scene/interactive_scene_cfg.py
./isaaclab/source/isaaclab/isaaclab/scene/__pycache__
./isaaclab/source/isaaclab/isaaclab/scene/__pycache__/__init__.cpython-311.pyc
./isaaclab/source/isaaclab/isaaclab/scene/__pycache__/interactive_scene_cfg.cpython-311.pyc
./isaaclab/source/isaaclab/isaaclab/scene/__pycache__/interactive_scene.cpython-311.pyc
./isaaclab/source/isaaclab/isaaclab/controllers
./isaaclab/source/isaaclab/isaaclab/controllers/__init__.py
./isaaclab/source/isaaclab/isaaclab/controllers/differential_ik.py
./isaaclab/source/isaaclab/isaaclab/controllers/config
./isaaclab/source/isaaclab/isaaclab/controllers/config/__init__.py
./isaaclab/source/isaaclab/isaaclab/controllers/config/rmp_flow.py
./isaaclab/source/isaaclab/isaaclab/controllers/config/data
./isaaclab/source/isaaclab/isaaclab/controllers/config/data/lula_franka_gen.urdf
./isaaclab/source/isaaclab/isaaclab/controllers/rmp_flow.py
./isaaclab/source/isaaclab/isaaclab/controllers/utils.py
./isaaclab/source/isaaclab/isaaclab/controllers/differential_ik_cfg.py
./isaaclab/source/isaaclab/isaaclab/controllers/pink_ik
./isaaclab/source/isaaclab/isaaclab/controllers/pink_ik/__init__.py
./isaaclab/source/isaaclab/isaaclab/controllers/pink_ik/pink_ik.py
./isaaclab/source/isaaclab/isaaclab/controllers/pink_ik/local_frame_task.py
./isaaclab/source/isaaclab/isaaclab/controllers/pink_ik/null_space_posture_task.py
./isaaclab/source/isaaclab/isaaclab/controllers/pink_ik/pink_kinematics_configuration.py
./isaaclab/source/isaaclab/isaaclab/controllers/pink_ik/pink_ik_cfg.py
./isaaclab/source/isaaclab/isaaclab/controllers/operational_space_cfg.py
./isaaclab/source/isaaclab/isaaclab/controllers/joint_impedance.py
./isaaclab/source/isaaclab/isaaclab/controllers/operational_space.py
./isaaclab/source/isaaclab/isaaclab/controllers/__pycache__
./isaaclab/source/isaaclab/isaaclab/controllers/__pycache__/__init__.cpython-311.pyc
./isaaclab/source/isaaclab/isaaclab/controllers/__pycache__/differential_ik.cpython-311.pyc
./isaaclab/source/isaaclab/isaaclab/controllers/__pycache__/operational_space_cfg.cpython-311.pyc
./isaaclab/source/isaaclab/isaaclab/controllers/__pycache__/differential_ik_cfg.cpython-311.pyc
./isaaclab/source/isaaclab/isaaclab/controllers/__pycache__/operational_space.cpython-311.pyc
./isaaclab/source/isaaclab/isaaclab/assets
./isaaclab/source/isaaclab/isaaclab/assets/__init__.py
./isaaclab/source/isaaclab/isaaclab/assets/articulation
./isaaclab/source/isaaclab/isaaclab/assets/articulation/__init__.py
./isaaclab/source/isaaclab/isaaclab/assets/articulation/articulation_data.py
./isaaclab/source/isaaclab/isaaclab/assets/articulation/articulation_cfg.py
./isaaclab/source/isaaclab/isaaclab/assets/articulation/articulation.py
./isaaclab/source/isaaclab/isaaclab/assets/articulation/__pycache__
./isaaclab/source/isaaclab/isaaclab/assets/articulation/__pycache__/__init__.cpython-311.pyc
./isaaclab/source/isaaclab/isaaclab/assets/articulation/__pycache__/articulation_data.cpython-311.pyc
./isaaclab/source/isaaclab/isaaclab/assets/articulation/__pycache__/articulation.cpython-311.pyc
./isaaclab/source/isaaclab/isaaclab/assets/articulation/__pycache__/articulation_cfg.cpython-311.pyc
./isaaclab/source/isaaclab/isaaclab/assets/surface_gripper
./isaaclab/source/isaaclab/isaaclab/assets/surface_gripper/__init__.py
./isaaclab/source/isaaclab/isaaclab/assets/surface_gripper/surface_gripper.py
./isaaclab/source/isaaclab/isaaclab/assets/surface_gripper/surface_gripper_cfg.py
./isaaclab/source/isaaclab/isaaclab/assets/surface_gripper/__pycache__
./isaaclab/source/isaaclab/isaaclab/assets/surface_gripper/__pycache__/__init__.cpython-311.pyc
./isaaclab/source/isaaclab/isaaclab/assets/surface_gripper/__pycache__/surface_gripper.cpython-311.pyc
./isaaclab/source/isaaclab/isaaclab/assets/surface_gripper/__pycache__/surface_gripper_cfg.cpython-311.pyc
./isaaclab/source/isaaclab/isaaclab/assets/rigid_object_collection
./isaaclab/source/isaaclab/isaaclab/assets/rigid_object_collection/__init__.py
./isaaclab/source/isaaclab/isaaclab/assets/rigid_object_collection/rigid_object_collection_cfg.py
./isaaclab/source/isaaclab/isaaclab/assets/rigid_object_collection/rigid_object_collection_data.py
./isaaclab/source/isaaclab/isaaclab/assets/rigid_object_collection/rigid_object_collection.py
./isaaclab/source/isaaclab/isaaclab/assets/rigid_object_collection/__pycache__
./isaaclab/source/isaaclab/isaaclab/assets/rigid_object_collection/__pycache__/__init__.cpython-311.pyc
./isaaclab/source/isaaclab/isaaclab/assets/rigid_object_collection/__pycache__/rigid_object_collection_cfg.cpython-311.pyc
./isaaclab/source/isaaclab/isaaclab/assets/rigid_object_collection/__pycache__/rigid_object_collection.cpython-311.pyc
./isaaclab/source/isaaclab/isaaclab/assets/rigid_object_collection/__pycache__/rigid_object_collection_data.cpython-311.pyc
./isaaclab/source/isaaclab/isaaclab/assets/deformable_object
./isaaclab/source/isaaclab/isaaclab/assets/deformable_object/__init__.py
./isaaclab/source/isaaclab/isaaclab/assets/deformable_object/deformable_object_data.py
./isaaclab/source/isaaclab/isaaclab/assets/deformable_object/deformable_object_cfg.py
./isaaclab/source/isaaclab/isaaclab/assets/deformable_object/deformable_object.py
./isaaclab/source/isaaclab/isaaclab/assets/deformable_object/__pycache__
./isaaclab/source/isaaclab/isaaclab/assets/deformable_object/__pycache__/__init__.cpython-311.pyc
./isaaclab/source/isaaclab/isaaclab/assets/deformable_object/__pycache__/deformable_object_data.cpython-311.pyc
./isaaclab/source/isaaclab/isaaclab/assets/deformable_object/__pycache__/deformable_object_cfg.cpython-311.pyc
./isaaclab/source/isaaclab/isaaclab/assets/deformable_object/__pycache__/deformable_object.cpython-311.pyc
./isaaclab/source/isaaclab/isaaclab/assets/asset_base_cfg.py
./isaaclab/source/isaaclab/isaaclab/assets/rigid_object
./isaaclab/source/isaaclab/isaaclab/assets/rigid_object/__init__.py
./isaaclab/source/isaaclab/isaaclab/assets/rigid_object/rigid_object.py
./isaaclab/source/isaaclab/isaaclab/assets/rigid_object/rigid_object_cfg.py
./isaaclab/source/isaaclab/isaaclab/assets/rigid_object/rigid_object_data.py
./isaaclab/source/isaaclab/isaaclab/assets/rigid_object/__pycache__
./isaaclab/source/isaaclab/isaaclab/assets/rigid_object/__pycache__/__init__.cpython-311.pyc
./isaaclab/source/isaaclab/isaaclab/assets/rigid_object/__pycache__/rigid_object_cfg.cpython-311.pyc
./isaaclab/source/isaaclab/isaaclab/assets/rigid_object/__pycache__/rigid_object.cpython-311.pyc
./isaaclab/source/isaaclab/isaaclab/assets/rigid_object/__pycache__/rigid_object_data.cpython-311.pyc
./isaaclab/source/isaaclab/isaaclab/assets/asset_base.py
./isaaclab/source/isaaclab/isaaclab/assets/__pycache__
./isaaclab/source/isaaclab/isaaclab/assets/__pycache__/__init__.cpython-311.pyc
./isaaclab/source/isaaclab/isaaclab/assets/__pycache__/asset_base_cfg.cpython-311.pyc
./isaaclab/source/isaaclab/isaaclab/assets/__pycache__/asset_base.cpython-311.pyc
./isaaclab/source/isaaclab/isaaclab/utils
./isaaclab/source/isaaclab/isaaclab/utils/pretrained_checkpoint.py
./isaaclab/source/isaaclab/isaaclab/utils/string.py
./isaaclab/source/isaaclab/isaaclab/utils/__init__.py
./isaaclab/source/isaaclab/isaaclab/utils/math.py
./isaaclab/source/isaaclab/isaaclab/utils/types.py
./isaaclab/source/isaaclab/isaaclab/utils/assets.py
./isaaclab/source/isaaclab/isaaclab/utils/warp
./isaaclab/source/isaaclab/isaaclab/utils/warp/__init__.py
./isaaclab/source/isaaclab/isaaclab/utils/warp/kernels.py
./isaaclab/source/isaaclab/isaaclab/utils/warp/ops.py
./isaaclab/source/isaaclab/isaaclab/utils/warp/__pycache__
./isaaclab/source/isaaclab/isaaclab/utils/warp/__pycache__/__init__.cpython-311.pyc
./isaaclab/source/isaaclab/isaaclab/utils/warp/__pycache__/kernels.cpython-311.pyc
./isaaclab/source/isaaclab/isaaclab/utils/warp/__pycache__/ops.cpython-311.pyc
./isaaclab/source/isaaclab/isaaclab/utils/interpolation
./isaaclab/source/isaaclab/isaaclab/utils/interpolation/__init__.py
./isaaclab/source/isaaclab/isaaclab/utils/interpolation/linear_interpolation.py
./isaaclab/source/isaaclab/isaaclab/utils/interpolation/__pycache__
./isaaclab/source/isaaclab/isaaclab/utils/interpolation/__pycache__/__init__.cpython-311.pyc
./isaaclab/source/isaaclab/isaaclab/utils/interpolation/__pycache__/linear_interpolation.cpython-311.pyc
./isaaclab/source/isaaclab/isaaclab/utils/datasets
./isaaclab/source/isaaclab/isaaclab/utils/datasets/__init__.py
./isaaclab/source/isaaclab/isaaclab/utils/datasets/dataset_file_handler_base.py
./isaaclab/source/isaaclab/isaaclab/utils/datasets/episode_data.py
./isaaclab/source/isaaclab/isaaclab/utils/datasets/hdf5_dataset_file_handler.py
./isaaclab/source/isaaclab/isaaclab/utils/datasets/__pycache__
./isaaclab/source/isaaclab/isaaclab/utils/datasets/__pycache__/__init__.cpython-311.pyc
./isaaclab/source/isaaclab/isaaclab/utils/datasets/__pycache__/episode_data.cpython-311.pyc
./isaaclab/source/isaaclab/isaaclab/utils/datasets/__pycache__/dataset_file_handler_base.cpython-311.pyc
./isaaclab/source/isaaclab/isaaclab/utils/datasets/__pycache__/hdf5_dataset_file_handler.cpython-311.pyc
./isaaclab/source/isaaclab/isaaclab/utils/timer.py
./isaaclab/source/isaaclab/isaaclab/utils/io
./isaaclab/source/isaaclab/isaaclab/utils/io/__init__.py
./isaaclab/source/isaaclab/isaaclab/utils/io/yaml.py
./isaaclab/source/isaaclab/isaaclab/utils/io/torchscript.py
./isaaclab/source/isaaclab/isaaclab/utils/io/__pycache__
./isaaclab/source/isaaclab/isaaclab/utils/io/__pycache__/__init__.cpython-311.pyc
./isaaclab/source/isaaclab/isaaclab/utils/io/__pycache__/yaml.cpython-311.pyc
./isaaclab/source/isaaclab/isaaclab/utils/io/__pycache__/torchscript.cpython-311.pyc
./isaaclab/source/isaaclab/isaaclab/utils/dict.py
./isaaclab/source/isaaclab/isaaclab/utils/configclass.py
./isaaclab/source/isaaclab/isaaclab/utils/noise
./isaaclab/source/isaaclab/isaaclab/utils/noise/__init__.py
./isaaclab/source/isaaclab/isaaclab/utils/noise/noise_model.py
./isaaclab/source/isaaclab/isaaclab/utils/noise/noise_cfg.py
./isaaclab/source/isaaclab/isaaclab/utils/noise/__pycache__
./isaaclab/source/isaaclab/isaaclab/utils/noise/__pycache__/__init__.cpython-311.pyc
./isaaclab/source/isaaclab/isaaclab/utils/noise/__pycache__/noise_cfg.cpython-311.pyc
./isaaclab/source/isaaclab/isaaclab/utils/noise/__pycache__/noise_model.cpython-311.pyc
./isaaclab/source/isaaclab/isaaclab/utils/sensors.py
./isaaclab/source/isaaclab/isaaclab/utils/modifiers
./isaaclab/source/isaaclab/isaaclab/utils/modifiers/__init__.py
./isaaclab/source/isaaclab/isaaclab/utils/modifiers/modifier_base.py
./isaaclab/source/isaaclab/isaaclab/utils/modifiers/modifier.py
./isaaclab/source/isaaclab/isaaclab/utils/modifiers/modifier_cfg.py
./isaaclab/source/isaaclab/isaaclab/utils/modifiers/__pycache__
./isaaclab/source/isaaclab/isaaclab/utils/modifiers/__pycache__/__init__.cpython-311.pyc
./isaaclab/source/isaaclab/isaaclab/utils/modifiers/__pycache__/modifier.cpython-311.pyc
./isaaclab/source/isaaclab/isaaclab/utils/modifiers/__pycache__/modifier_base.cpython-311.pyc
./isaaclab/source/isaaclab/isaaclab/utils/modifiers/__pycache__/modifier_cfg.cpython-311.pyc
./isaaclab/source/isaaclab/isaaclab/utils/array.py
./isaaclab/source/isaaclab/isaaclab/utils/version.py
./isaaclab/source/isaaclab/isaaclab/utils/buffers
./isaaclab/source/isaaclab/isaaclab/utils/buffers/__init__.py
./isaaclab/source/isaaclab/isaaclab/utils/buffers/circular_buffer.py
./isaaclab/source/isaaclab/isaaclab/utils/buffers/timestamped_buffer.py
./isaaclab/source/isaaclab/isaaclab/utils/buffers/delay_buffer.py
./isaaclab/source/isaaclab/isaaclab/utils/buffers/__pycache__
./isaaclab/source/isaaclab/isaaclab/utils/buffers/__pycache__/__init__.cpython-311.pyc
./isaaclab/source/isaaclab/isaaclab/utils/buffers/__pycache__/timestamped_buffer.cpython-311.pyc
./isaaclab/source/isaaclab/isaaclab/utils/buffers/__pycache__/circular_buffer.cpython-311.pyc
./isaaclab/source/isaaclab/isaaclab/utils/buffers/__pycache__/delay_buffer.cpython-311.pyc
./isaaclab/source/isaaclab/isaaclab/utils/__pycache__
./isaaclab/source/isaaclab/isaaclab/utils/__pycache__/__init__.cpython-311.pyc
./isaaclab/source/isaaclab/isaaclab/utils/__pycache__/types.cpython-311.pyc
./isaaclab/source/isaaclab/isaaclab/utils/__pycache__/timer.cpython-311.pyc
./isaaclab/source/isaaclab/isaaclab/utils/__pycache__/dict.cpython-311.pyc
./isaaclab/source/isaaclab/isaaclab/utils/__pycache__/math.cpython-311.pyc
./isaaclab/source/isaaclab/isaaclab/utils/__pycache__/version.cpython-311.pyc
./isaaclab/source/isaaclab/isaaclab/utils/__pycache__/array.cpython-311.pyc
./isaaclab/source/isaaclab/isaaclab/utils/__pycache__/assets.cpython-311.pyc
./isaaclab/source/isaaclab/isaaclab/utils/__pycache__/sensors.cpython-311.pyc
./isaaclab/source/isaaclab/isaaclab/utils/__pycache__/configclass.cpython-311.pyc
./isaaclab/source/isaaclab/isaaclab/utils/__pycache__/string.cpython-311.pyc
./isaaclab/source/isaaclab/isaaclab/__pycache__
./isaaclab/source/isaaclab/isaaclab/__pycache__/__init__.cpython-311.pyc
./isaaclab/source/isaaclab/setup.py
./isaaclab/source/isaaclab/docs
./isaaclab/source/isaaclab/docs/CHANGELOG.rst
./isaaclab/source/isaaclab/docs/README.md
./isaaclab/source/isaaclab/pyproject.toml
./isaaclab/source/isaaclab/isaaclab.egg-info
./isaaclab/source/isaaclab/isaaclab.egg-info/top_level.txt
./isaaclab/source/isaaclab/isaaclab.egg-info/requires.txt
./isaaclab/source/isaaclab/isaaclab.egg-info/PKG-INFO
./isaaclab/source/isaaclab/isaaclab.egg-info/not-zip-safe
./isaaclab/source/isaaclab/isaaclab.egg-info/dependency_links.txt
./isaaclab/source/isaaclab/isaaclab.egg-info/SOURCES.txt
./isaaclab/apps
./isaaclab/apps/isaaclab.python.xr.openxr.headless.kit
./isaaclab/apps/isaaclab.python.kit
./isaaclab/apps/isaaclab.python.xr.openxr.kit
./isaaclab/apps/isaacsim_4_5
./isaaclab/apps/isaacsim_4_5/extension.toml
./isaaclab/apps/isaacsim_4_5/isaaclab.python.xr.openxr.headless.kit
./isaaclab/apps/isaacsim_4_5/isaaclab.python.kit
./isaaclab/apps/isaacsim_4_5/isaaclab.python.xr.openxr.kit
./isaaclab/apps/isaacsim_4_5/rendering_modes
./isaaclab/apps/isaacsim_4_5/rendering_modes/balanced.kit
./isaaclab/apps/isaacsim_4_5/rendering_modes/quality.kit
./isaaclab/apps/isaacsim_4_5/rendering_modes/xr.kit
./isaaclab/apps/isaacsim_4_5/rendering_modes/performance.kit
./isaaclab/apps/isaacsim_4_5/isaaclab.python.rendering.kit
./isaaclab/apps/isaacsim_4_5/isaaclab.python.headless.kit
./isaaclab/apps/isaacsim_4_5/isaaclab.python.headless.rendering.kit
./isaaclab/apps/rendering_modes
./isaaclab/apps/rendering_modes/balanced.kit
./isaaclab/apps/rendering_modes/extension.toml
./isaaclab/apps/rendering_modes/quality.kit
./isaaclab/apps/rendering_modes/performance.kit
./isaaclab/apps/isaaclab.python.rendering.kit
./isaaclab/apps/isaaclab.python.headless.kit
./isaaclab/apps/isaaclab.python.headless.rendering.kit
./isaaclab/isaaclab.bat
./isaaclab/VERSION
./isaaclab/SECURITY.md
./isaaclab/LICENSE
./isaaclab/isaaclab.sh
./isaaclab/pytest.ini
./isaaclab/scripts
./isaaclab/scripts/sim2sim_transfer
./isaaclab/scripts/sim2sim_transfer/config
./isaaclab/scripts/sim2sim_transfer/config/newton_to_physx_g1.yaml
./isaaclab/scripts/sim2sim_transfer/config/newton_to_physx_anymal_d.yaml
./isaaclab/scripts/sim2sim_transfer/config/newton_to_physx_h1.yaml
./isaaclab/scripts/sim2sim_transfer/config/newton_to_physx_go2.yaml
./isaaclab/scripts/sim2sim_transfer/rsl_rl_transfer.py
./isaaclab/scripts/benchmarks
./isaaclab/scripts/benchmarks/benchmark_rlgames.py
./isaaclab/scripts/benchmarks/benchmark_non_rl.py
./isaaclab/scripts/benchmarks/utils.py
./isaaclab/scripts/benchmarks/benchmark_rsl_rl.py
./isaaclab/scripts/benchmarks/benchmark_load_robot.py
./isaaclab/scripts/benchmarks/benchmark_cameras.py
./isaaclab/scripts/tools
./isaaclab/scripts/tools/pretrained_checkpoint.py
./isaaclab/scripts/tools/convert_urdf.py
./isaaclab/scripts/tools/convert_mesh.py
./isaaclab/scripts/tools/convert_mjcf.py
./isaaclab/scripts/tools/mp4_to_hdf5.py
./isaaclab/scripts/tools/process_meshes_to_obj.py
./isaaclab/scripts/tools/record_demos.py
./isaaclab/scripts/tools/test
./isaaclab/scripts/tools/test/test_mp4_to_hdf5.py
./isaaclab/scripts/tools/test/test_hdf5_to_mp4.py
./isaaclab/scripts/tools/test/test_cosmos_prompt_gen.py
./isaaclab/scripts/tools/hdf5_to_mp4.py
./isaaclab/scripts/tools/cosmos
./isaaclab/scripts/tools/cosmos/cosmos_prompt_gen.py
./isaaclab/scripts/tools/cosmos/transfer1_templates.json
./isaaclab/scripts/tools/blender_obj.py
./isaaclab/scripts/tools/check_instanceable.py
./isaaclab/scripts/tools/convert_instanceable.py
./isaaclab/scripts/tools/merge_hdf5_datasets.py
./isaaclab/scripts/tools/replay_demos.py
./isaaclab/scripts/reinforcement_learning
./isaaclab/scripts/reinforcement_learning/ray
./isaaclab/scripts/reinforcement_learning/ray/hyperparameter_tuning
./isaaclab/scripts/reinforcement_learning/ray/hyperparameter_tuning/vision_cartpole_cfg.py
./isaaclab/scripts/reinforcement_learning/ray/hyperparameter_tuning/vision_cfg.py
./isaaclab/scripts/reinforcement_learning/ray/launch.py
./isaaclab/scripts/reinforcement_learning/ray/submit_job.py
./isaaclab/scripts/reinforcement_learning/ray/tuner.py
./isaaclab/scripts/reinforcement_learning/ray/cluster_configs
./isaaclab/scripts/reinforcement_learning/ray/cluster_configs/Dockerfile
./isaaclab/scripts/reinforcement_learning/ray/cluster_configs/google_cloud
./isaaclab/scripts/reinforcement_learning/ray/cluster_configs/google_cloud/kuberay.yaml.jinja
./isaaclab/scripts/reinforcement_learning/ray/util.py
./isaaclab/scripts/reinforcement_learning/ray/grok_cluster_with_kubectl.py
./isaaclab/scripts/reinforcement_learning/ray/wrap_resources.py
./isaaclab/scripts/reinforcement_learning/ray/mlflow_to_local_tensorboard.py
./isaaclab/scripts/reinforcement_learning/ray/task_runner.py
./isaaclab/scripts/reinforcement_learning/sb3
./isaaclab/scripts/reinforcement_learning/sb3/train.py
./isaaclab/scripts/reinforcement_learning/sb3/play.py
./isaaclab/scripts/reinforcement_learning/rl_games
./isaaclab/scripts/reinforcement_learning/rl_games/train.py
./isaaclab/scripts/reinforcement_learning/rl_games/play.py
./isaaclab/scripts/reinforcement_learning/skrl
./isaaclab/scripts/reinforcement_learning/skrl/train.py
./isaaclab/scripts/reinforcement_learning/skrl/play.py
./isaaclab/scripts/reinforcement_learning/rsl_rl
./isaaclab/scripts/reinforcement_learning/rsl_rl/cli_args.py
./isaaclab/scripts/reinforcement_learning/rsl_rl/train.py
./isaaclab/scripts/reinforcement_learning/rsl_rl/play.py
./isaaclab/scripts/reinforcement_learning/rsl_rl/__pycache__
./isaaclab/scripts/reinforcement_learning/rsl_rl/__pycache__/cli_args.cpython-311.pyc
./isaaclab/scripts/demos
./isaaclab/scripts/demos/bipeds.py
./isaaclab/scripts/demos/h1_locomotion.py
./isaaclab/scripts/demos/quadrupeds.py
./isaaclab/scripts/demos/pick_and_place.py
./isaaclab/scripts/demos/hands.py
./isaaclab/scripts/demos/quadcopter.py
./isaaclab/scripts/demos/deformables.py
./isaaclab/scripts/demos/sensors
./isaaclab/scripts/demos/sensors/imu_sensor.py
./isaaclab/scripts/demos/sensors/contact_sensor.py
./isaaclab/scripts/demos/sensors/cameras.py
./isaaclab/scripts/demos/sensors/frame_transformer_sensor.py
./isaaclab/scripts/demos/sensors/raycaster_sensor.py
./isaaclab/scripts/demos/arms.py
./isaaclab/scripts/demos/multi_asset.py
./isaaclab/scripts/demos/markers.py
./isaaclab/scripts/demos/procedural_terrain.py
./isaaclab/scripts/tutorials
./isaaclab/scripts/tutorials/00_sim
./isaaclab/scripts/tutorials/00_sim/create_empty.py
./isaaclab/scripts/tutorials/00_sim/log_time.py
./isaaclab/scripts/tutorials/00_sim/spawn_prims.py
./isaaclab/scripts/tutorials/00_sim/launch_app.py
./isaaclab/scripts/tutorials/00_sim/set_rendering_mode.py
./isaaclab/scripts/tutorials/04_sensors
./isaaclab/scripts/tutorials/04_sensors/run_ray_caster_camera.py
./isaaclab/scripts/tutorials/04_sensors/run_ray_caster.py
./isaaclab/scripts/tutorials/04_sensors/run_usd_camera.py
./isaaclab/scripts/tutorials/04_sensors/add_sensors_on_robot.py
./isaaclab/scripts/tutorials/04_sensors/run_frame_transformer.py
./isaaclab/scripts/tutorials/02_scene
./isaaclab/scripts/tutorials/02_scene/create_scene.py
./isaaclab/scripts/tutorials/05_controllers
./isaaclab/scripts/tutorials/05_controllers/run_osc.py
./isaaclab/scripts/tutorials/05_controllers/run_diff_ik.py
./isaaclab/scripts/tutorials/01_assets
./isaaclab/scripts/tutorials/01_assets/run_articulation.py
./isaaclab/scripts/tutorials/01_assets/add_new_robot.py
./isaaclab/scripts/tutorials/01_assets/run_rigid_object.py
./isaaclab/scripts/tutorials/01_assets/run_surface_gripper.py
./isaaclab/scripts/tutorials/01_assets/run_deformable_object.py
./isaaclab/scripts/tutorials/03_envs
./isaaclab/scripts/tutorials/03_envs/create_quadruped_base_env.py
./isaaclab/scripts/tutorials/03_envs/create_cube_base_env.py
./isaaclab/scripts/tutorials/03_envs/create_cartpole_base_env.py
./isaaclab/scripts/tutorials/03_envs/policy_inference_in_usd.py
./isaaclab/scripts/tutorials/03_envs/run_cartpole_rl_env.py
./isaaclab/scripts/imitation_learning
./isaaclab/scripts/imitation_learning/robomimic
./isaaclab/scripts/imitation_learning/robomimic/train.py
./isaaclab/scripts/imitation_learning/robomimic/play.py
./isaaclab/scripts/imitation_learning/robomimic/robust_eval.py
./isaaclab/scripts/imitation_learning/locomanipulation_sdg
./isaaclab/scripts/imitation_learning/locomanipulation_sdg/generate_data.py
./isaaclab/scripts/imitation_learning/locomanipulation_sdg/plot_navigation_trajectory.py
./isaaclab/scripts/imitation_learning/isaaclab_mimic
./isaaclab/scripts/imitation_learning/isaaclab_mimic/consolidated_demo.py
./isaaclab/scripts/imitation_learning/isaaclab_mimic/annotate_demos.py
./isaaclab/scripts/imitation_learning/isaaclab_mimic/generate_dataset.py
./isaaclab/scripts/environments
./isaaclab/scripts/environments/state_machine
./isaaclab/scripts/environments/state_machine/open_cabinet_sm.py
./isaaclab/scripts/environments/state_machine/lift_teddy_bear.py
./isaaclab/scripts/environments/state_machine/lift_cube_sm.py
./isaaclab/scripts/environments/list_envs.py
./isaaclab/scripts/environments/teleoperation
./isaaclab/scripts/environments/teleoperation/teleop_se3_agent.py
./isaaclab/scripts/environments/zero_agent.py
./isaaclab/scripts/environments/export_IODescriptors.py
./isaaclab/scripts/environments/random_agent.py
./isaaclab/CONTRIBUTING.md
./isaaclab/LICENSE-mimic
./isaaclab/README.md
./isaaclab/docs
./isaaclab/docs/licenses
./isaaclab/docs/licenses/dependencies
./isaaclab/docs/licenses/dependencies/referencing-license.txt
./isaaclab/docs/licenses/dependencies/jsonschema-license.txt
./isaaclab/docs/licenses/dependencies/pinocchio-license.txt
./isaaclab/docs/licenses/dependencies/wandb-license.txt
./isaaclab/docs/licenses/dependencies/pure_eval-license.txt
./isaaclab/docs/licenses/dependencies/sphinx-copybutton-license.txt
./isaaclab/docs/licenses/dependencies/sniffio-license.txt
./isaaclab/docs/licenses/dependencies/iniconfig-license.txt
./isaaclab/docs/licenses/dependencies/decorator-license.txt
./isaaclab/docs/licenses/dependencies/tensorboardx-license.txt
./isaaclab/docs/licenses/dependencies/myst-parser-license.txt
./isaaclab/docs/licenses/dependencies/nlopt-license.txt
./isaaclab/docs/licenses/dependencies/imageio-license.txt
./isaaclab/docs/licenses/dependencies/colorama-license.txt
./isaaclab/docs/licenses/dependencies/pygrep-hooks-license.txt
./isaaclab/docs/licenses/dependencies/markdown-license.txt
./isaaclab/docs/licenses/dependencies/executing-license.txt
./isaaclab/docs/licenses/dependencies/protobuf-license.txt
./isaaclab/docs/licenses/dependencies/hidapi-license.txt
./isaaclab/docs/licenses/dependencies/flatdict-license.txt
./isaaclab/docs/licenses/dependencies/matplotlib-license.txt
./isaaclab/docs/licenses/dependencies/walk-these-ways-license.txt
./isaaclab/docs/licenses/dependencies/widgetsnbextension-license.txt
./isaaclab/docs/licenses/dependencies/eigenpy-license.txt
./isaaclab/docs/licenses/dependencies/jmespath-license.txt
./isaaclab/docs/licenses/dependencies/einops-license.txt
./isaaclab/docs/licenses/dependencies/newton-license.txt
./isaaclab/docs/licenses/dependencies/Farama-Notifications-license.txt
./isaaclab/docs/licenses/dependencies/asttokens-license.txt
./isaaclab/docs/licenses/dependencies/sphinxcontrib-bibtex-license.txt
./isaaclab/docs/licenses/dependencies/imagesize-license.txt
./isaaclab/docs/licenses/dependencies/proglog-license.txt
./isaaclab/docs/licenses/dependencies/babel-license.txt
./isaaclab/docs/licenses/dependencies/pin-license.txt
./isaaclab/docs/licenses/dependencies/sphinxcontrib-qthelp-license.txt
./isaaclab/docs/licenses/dependencies/sphinx-tabs-license.txt
./isaaclab/docs/licenses/dependencies/trimesh-license.txt
./isaaclab/docs/licenses/dependencies/grpcio-license.txt
./isaaclab/docs/licenses/dependencies/beautifulsoup4-license.txt
./isaaclab/docs/licenses/dependencies/robomimc-license.txt
./isaaclab/docs/licenses/dependencies/isaacsim-license.txt
./isaaclab/docs/licenses/dependencies/setproctitle-license.txt
./isaaclab/docs/licenses/dependencies/codespell-license.txt
./isaaclab/docs/licenses/dependencies/boost-license.txt
./isaaclab/docs/licenses/dependencies/zipp-license.txt
./isaaclab/docs/licenses/dependencies/setuptools-license.txt
./isaaclab/docs/licenses/dependencies/tqdm-license.txt
./isaaclab/docs/licenses/dependencies/qpsolvers-license.txt
./isaaclab/docs/licenses/dependencies/mdit-py-plugins-license.txt
./isaaclab/docs/licenses/dependencies/botocore-license.txt
./isaaclab/docs/licenses/dependencies/pyyaml-license.txt
./isaaclab/docs/licenses/dependencies/jupyterlab_widgets-license.txt
./isaaclab/docs/licenses/dependencies/click-license.txt
./isaaclab/docs/licenses/dependencies/h5py-license.txt
./isaaclab/docs/licenses/dependencies/markupsafe-license.txt
./isaaclab/docs/licenses/dependencies/quadprog-license.txt
./isaaclab/docs/licenses/dependencies/pybtex-docutils-license.txt
./isaaclab/docs/licenses/dependencies/cmeel-license.txt
./isaaclab/docs/licenses/dependencies/networkx-license.txt
./isaaclab/docs/licenses/dependencies/typing-extensions-license.txt
./isaaclab/docs/licenses/dependencies/cycler-license.txt
./isaaclab/docs/licenses/dependencies/urllib3-license.txt
./isaaclab/docs/licenses/dependencies/flake8-license.txt
./isaaclab/docs/licenses/dependencies/sphinxcontrib-jsmath-license.txt
./isaaclab/docs/licenses/dependencies/transformers-license.txt
./isaaclab/docs/licenses/dependencies/mpmath-license.txt
./isaaclab/docs/licenses/dependencies/sphinx-license.txt
./isaaclab/docs/licenses/dependencies/pyright-license.txt
./isaaclab/docs/licenses/dependencies/tinyxml-license.txt
./isaaclab/docs/licenses/dependencies/torchvision-license.txt
./isaaclab/docs/licenses/dependencies/stack-data-license.txt
./isaaclab/docs/licenses/dependencies/snowballstemmer-license.txt
./isaaclab/docs/licenses/dependencies/pygame-license.txt
./isaaclab/docs/licenses/dependencies/sphinx-design-license.txt
./isaaclab/docs/licenses/dependencies/pexpect-license.txt
./isaaclab/docs/licenses/dependencies/joblib-license.txt
./isaaclab/docs/licenses/dependencies/anytree-license.txt
./isaaclab/docs/licenses/dependencies/prettytable-license.txt
./isaaclab/docs/licenses/dependencies/pyupgrade-license.txt
./isaaclab/docs/licenses/dependencies/requests-license.txt
./isaaclab/docs/licenses/dependencies/contourpy-license.txt
./isaaclab/docs/licenses/dependencies/toml-license.txt
./isaaclab/docs/licenses/dependencies/numpy-license.txt
./isaaclab/docs/licenses/dependencies/smmap-license.txt
./isaaclab/docs/licenses/dependencies/pytest-license.txt
./isaaclab/docs/licenses/dependencies/hpp-fcl-license.txt
./isaaclab/docs/licenses/dependencies/matplotlib-inline-license.txt
./isaaclab/docs/licenses/dependencies/pluggy-license.txt
./isaaclab/docs/licenses/dependencies/sphinxcontrib-serializinghtml-license.txt
./isaaclab/docs/licenses/dependencies/six-license.txt
./isaaclab/docs/licenses/dependencies/omegaconf-license.txt
./isaaclab/docs/licenses/dependencies/labeler-license.txt
./isaaclab/docs/licenses/dependencies/python-dateutil-license.txt
./isaaclab/docs/licenses/dependencies/python-dotenv-license.txt
./isaaclab/docs/licenses/dependencies/safetensors-license.txt
./isaaclab/docs/licenses/dependencies/ipywidgets-license.txt
./isaaclab/docs/licenses/dependencies/docker-pycreds-license.txt
./isaaclab/docs/licenses/dependencies/black-license.txt
./isaaclab/docs/licenses/dependencies/charset-normalizer-license.txt
./isaaclab/docs/licenses/dependencies/fsspec-license.txt
./isaaclab/docs/licenses/dependencies/hydra-license.txt
./isaaclab/docs/licenses/dependencies/kiwisolver-license.txt
./isaaclab/docs/licenses/dependencies/fonttools-license.txt
./isaaclab/docs/licenses/dependencies/tokenizers-license.txt
./isaaclab/docs/licenses/dependencies/filelock-license.txt
./isaaclab/docs/licenses/dependencies/certifi-license.txt
./isaaclab/docs/licenses/dependencies/scikit-learn-license.txt
./isaaclab/docs/licenses/dependencies/stable-baselines3-license.txt
./isaaclab/docs/licenses/dependencies/sphinx-book-theme-license.txt
./isaaclab/docs/licenses/dependencies/InquirerPy-license.txt
./isaaclab/docs/licenses/dependencies/sphinxcontrib-devhelp-license.txt
./isaaclab/docs/licenses/dependencies/rsl_rl-license.txt
./isaaclab/docs/licenses/dependencies/absl-py-license.txt
./isaaclab/docs/licenses/dependencies/jinja2-license.txt
./isaaclab/docs/licenses/dependencies/sphinxemoji-license.txt
./isaaclab/docs/licenses/dependencies/pytz-license.txt
./isaaclab/docs/licenses/dependencies/pillow-license.txt
./isaaclab/docs/licenses/dependencies/regex-license.txt
./isaaclab/docs/licenses/dependencies/open3d-license.txt
./isaaclab/docs/licenses/dependencies/junitparser-license.txt
./isaaclab/docs/licenses/dependencies/pathtools-license.txt
./isaaclab/docs/licenses/dependencies/tensorboard-license.txt
./isaaclab/docs/licenses/dependencies/flaky-license.txt
./isaaclab/docs/licenses/dependencies/cloudpickle-license.txt
./isaaclab/docs/licenses/dependencies/jsonschema-specifications-license.txt
./isaaclab/docs/licenses/dependencies/torch-license.txt
./isaaclab/docs/licenses/dependencies/skrl-license.txt
./isaaclab/docs/licenses/dependencies/pin-pink-license.txt
./isaaclab/docs/licenses/dependencies/sympy-license.txt
./isaaclab/docs/licenses/dependencies/octomap-license.txt
./isaaclab/docs/licenses/dependencies/pre-commit-license.txt
./isaaclab/docs/licenses/dependencies/rl_games-license.txt
./isaaclab/docs/licenses/dependencies/antlr4_python3_runtime-license.txt
./isaaclab/docs/licenses/dependencies/mdurl-license.txt
./isaaclab/docs/licenses/dependencies/egl_probe-license.txt
./isaaclab/docs/licenses/dependencies/autodocsumm-license.txt
./isaaclab/docs/licenses/dependencies/sentry-sdk-license.txt
./isaaclab/docs/licenses/dependencies/idna-license.txt
./isaaclab/docs/licenses/dependencies/qhull-license.txt
./isaaclab/docs/licenses/dependencies/packaging-license.txt
./isaaclab/docs/licenses/dependencies/ray-license.txt
./isaaclab/docs/licenses/dependencies/tensordict-license.txt
./isaaclab/docs/licenses/dependencies/pytest-mock-license.txt
./isaaclab/docs/licenses/dependencies/zlib-license.txt
./isaaclab/docs/licenses/dependencies/pyparsing-license.txt
./isaaclab/docs/licenses/dependencies/gym-license.txt
./isaaclab/docs/licenses/dependencies/sphinxcontrib-htmlhelp-license.txt
./isaaclab/docs/licenses/dependencies/moviepy-license.txt
./isaaclab/docs/licenses/dependencies/pytorch3d-license.txt
./isaaclab/docs/licenses/dependencies/pyperclip-license.txt
./isaaclab/docs/licenses/dependencies/onnx-license.txt
./isaaclab/docs/licenses/dependencies/urdfdom-license.txt
./isaaclab/docs/licenses/dependencies/werkzeug-license.txt
./isaaclab/docs/licenses/dependencies/tzdata-license.txt
./isaaclab/docs/licenses/dependencies/latexcodec-license.txt
./isaaclab/docs/licenses/dependencies/isort-license.txt
./isaaclab/docs/licenses/dependencies/console-bridge-license.txt
./isaaclab/docs/licenses/dependencies/anyio-license.txt
./isaaclab/docs/licenses/dependencies/GitPython-license.txt
./isaaclab/docs/licenses/dependencies/typing-inspection-license.txt
./isaaclab/docs/licenses/dependencies/rich-license.txt
./isaaclab/docs/licenses/dependencies/alabaster-license.txt
./isaaclab/docs/licenses/dependencies/sphinxcontrib-applehelp-license.txt
./isaaclab/docs/licenses/dependencies/ptyprocess-license.txt
./isaaclab/docs/licenses/dependencies/comm-license.txt
./isaaclab/docs/licenses/dependencies/accessible-pygments-license.txt
./isaaclab/docs/licenses/dependencies/shortuuid-license.txt
./isaaclab/docs/licenses/dependencies/pre-commit-hooks-license.txt
./isaaclab/docs/licenses/dependencies/termcolor-license.txt
./isaaclab/docs/licenses/dependencies/cuRobo-license.txt
./isaaclab/docs/licenses/dependencies/threadpoolctl-license.txt
./isaaclab/docs/licenses/dependencies/warp-license.txt
./isaaclab/docs/licenses/dependencies/psutil-license.txt
./isaaclab/docs/licenses/dependencies/hf-xet-license.txt
./isaaclab/docs/licenses/dependencies/legged-gym-license.txt
./isaaclab/docs/licenses/dependencies/triton-license.txt
./isaaclab/docs/licenses/dependencies/pandas-license.txt
./isaaclab/docs/licenses/dependencies/soupsieve-license.txt
./isaaclab/docs/licenses/dependencies/sphinx-icon-license.txt
./isaaclab/docs/licenses/dependencies/gymnasium-license.txt
./isaaclab/docs/licenses/dependencies/ipython-license.txt
./isaaclab/docs/licenses/dependencies/dex-retargeting-license.txt
./isaaclab/docs/licenses/dependencies/pytransform3d-license.txt
./isaaclab/docs/licenses/dependencies/assimp-license.txt
./isaaclab/docs/licenses/dependencies/pydata-sphinx-theme-license.txt
./isaaclab/docs/licenses/dependencies/attrs-license
./isaaclab/docs/licenses/dependencies/sphinx-multiversion-license.txt
./isaaclab/docs/licenses/dependencies/huggingface-hub-license.txt
./isaaclab/docs/licenses/dependencies/imageio_ffmpeg-license.txt
./isaaclab/docs/licenses/dependencies/pyglet-license.txt
./isaaclab/docs/licenses/dependencies/loop-rate-limiters-license.txt
./isaaclab/docs/licenses/dependencies/gym-notices-license.txt
./isaaclab/docs/licenses/dependencies/gitdb-license.txt
./isaaclab/docs/licenses/dependencies/traitlets-license.txt
./isaaclab/docs/licenses/dependencies/markdown-it-py-license.txt
./isaaclab/docs/licenses/dependencies/opencv-python-license.txt
./isaaclab/docs/licenses/assets
./isaaclab/docs/licenses/assets/anymal_b-license.txt
./isaaclab/docs/licenses/assets/kinova-license.txt
./isaaclab/docs/licenses/assets/valkyrie-license
./isaaclab/docs/licenses/assets/franka-license.txt
./isaaclab/docs/licenses/assets/anymal_c-license.txt
./isaaclab/docs/licenses/assets/unitree-license.txt
./isaaclab/docs/licenses/assets/robotiq-license.txt
./isaaclab/pyproject.toml
./isaaclab/CITATION.cff
./isaaclab/_isaac_sim
./openarm_act_project
./openarm_act_project/src
./openarm_act_project/src/openarm_act
./openarm_act_project/src/openarm_act/__init__.py
./openarm_act_project/src/openarm_act/datasets
./openarm_act_project/src/openarm_act/datasets/openarm_isaac_dataset.py
./openarm_act_project/src/openarm_act/policies
./openarm_act_project/src/openarm_act/policies/act_openarm_policy.py
./openarm_act_project/src/openarm_act/envs
./openarm_act_project/src/openarm_act/envs/openarm_isaac_env.py
./openarm_act_project/src/openarm_act/utils
./openarm_act_project/src/openarm_act/utils/io_utils.py
./openarm_act_project/src/openarm_act/utils/viz_utils.py
./openarm_act_project/configs
./openarm_act_project/configs/act_openarm_reach.yaml
./openarm_act_project/data
./openarm_act_project/data/demos_hdf5
./openarm_act_project/checkpoints
./openarm_act_project/checkpoints/openarm_reach_act
./openarm_act_project/scripts
./openarm_act_project/scripts/deploy_act_openarm.py
./openarm_act_project/scripts/eval_act_openarm.py
./openarm_act_project/scripts/train_act_openarm.py
./openarm_act_project/scripts/collect_openarm_demos.py
./openarm_isaac_lab
./openarm_isaac_lab/source
./openarm_isaac_lab/source/openarm
./openarm_isaac_lab/source/openarm/config
./openarm_isaac_lab/source/openarm/config/extension.toml
./openarm_isaac_lab/source/openarm/openarm
./openarm_isaac_lab/source/openarm/openarm/__init__.py
./openarm_isaac_lab/source/openarm/openarm/tasks
./openarm_isaac_lab/source/openarm/openarm/tasks/__init__.py
./openarm_isaac_lab/source/openarm/openarm/tasks/manager_based
./openarm_isaac_lab/source/openarm/openarm/tasks/manager_based/__init__.py
./openarm_isaac_lab/source/openarm/openarm/tasks/manager_based/openarm_manipulation
./openarm_isaac_lab/source/openarm/openarm/tasks/manager_based/openarm_manipulation/usds
./openarm_isaac_lab/source/openarm/openarm/tasks/manager_based/openarm_manipulation/usds/openarm_unimanual
./openarm_isaac_lab/source/openarm/openarm/tasks/manager_based/openarm_manipulation/usds/openarm_unimanual/configuration
./openarm_isaac_lab/source/openarm/openarm/tasks/manager_based/openarm_manipulation/usds/openarm_unimanual/configuration/openarm_unimanual_base.usd
./openarm_isaac_lab/source/openarm/openarm/tasks/manager_based/openarm_manipulation/usds/openarm_unimanual/configuration/openarm_unimanual_physics.usd
./openarm_isaac_lab/source/openarm/openarm/tasks/manager_based/openarm_manipulation/usds/openarm_unimanual/configuration/openarm_unimanual_sensor.usd
./openarm_isaac_lab/source/openarm/openarm/tasks/manager_based/openarm_manipulation/usds/openarm_unimanual/openarm_unimanual.usd
./openarm_isaac_lab/source/openarm/openarm/tasks/manager_based/openarm_manipulation/usds/openarm_bimanual
./openarm_isaac_lab/source/openarm/openarm/tasks/manager_based/openarm_manipulation/usds/openarm_bimanual/configuration
./openarm_isaac_lab/source/openarm/openarm/tasks/manager_based/openarm_manipulation/usds/openarm_bimanual/configuration/openarm_bimanual_physics.usd
./openarm_isaac_lab/source/openarm/openarm/tasks/manager_based/openarm_manipulation/usds/openarm_bimanual/configuration/openarm_bimanual_base.usd
./openarm_isaac_lab/source/openarm/openarm/tasks/manager_based/openarm_manipulation/usds/openarm_bimanual/configuration/openarm_bimanual_sensor.usd
./openarm_isaac_lab/source/openarm/openarm/tasks/manager_based/openarm_manipulation/usds/openarm_bimanual/openarm_bimanual.usd
./openarm_isaac_lab/source/openarm/openarm/tasks/manager_based/openarm_manipulation/__init__.py
./openarm_isaac_lab/source/openarm/openarm/tasks/manager_based/openarm_manipulation/bimanual
./openarm_isaac_lab/source/openarm/openarm/tasks/manager_based/openarm_manipulation/bimanual/__init__.py
./openarm_isaac_lab/source/openarm/openarm/tasks/manager_based/openarm_manipulation/bimanual/reach
./openarm_isaac_lab/source/openarm/openarm/tasks/manager_based/openarm_manipulation/bimanual/reach/reach_env_cfg.py
./openarm_isaac_lab/source/openarm/openarm/tasks/manager_based/openarm_manipulation/bimanual/reach/__init__.py
./openarm_isaac_lab/source/openarm/openarm/tasks/manager_based/openarm_manipulation/bimanual/reach/config
./openarm_isaac_lab/source/openarm/openarm/tasks/manager_based/openarm_manipulation/bimanual/reach/config/__init__.py
./openarm_isaac_lab/source/openarm/openarm/tasks/manager_based/openarm_manipulation/bimanual/reach/config/agents
./openarm_isaac_lab/source/openarm/openarm/tasks/manager_based/openarm_manipulation/bimanual/reach/config/agents/__init__.py
./openarm_isaac_lab/source/openarm/openarm/tasks/manager_based/openarm_manipulation/bimanual/reach/config/agents/rsl_rl_ppo_cfg.py
./openarm_isaac_lab/source/openarm/openarm/tasks/manager_based/openarm_manipulation/bimanual/reach/config/agents/skrl_ppo_cfg.yaml
./openarm_isaac_lab/source/openarm/openarm/tasks/manager_based/openarm_manipulation/bimanual/reach/config/agents/rl_games_ppo_cfg.yaml
./openarm_isaac_lab/source/openarm/openarm/tasks/manager_based/openarm_manipulation/bimanual/reach/config/joint_pos_env_cfg.py
./openarm_isaac_lab/source/openarm/openarm/tasks/manager_based/openarm_manipulation/bimanual/reach/mdp
./openarm_isaac_lab/source/openarm/openarm/tasks/manager_based/openarm_manipulation/bimanual/reach/mdp/__init__.py
./openarm_isaac_lab/source/openarm/openarm/tasks/manager_based/openarm_manipulation/bimanual/reach/mdp/rewards.py
./openarm_isaac_lab/source/openarm/openarm/tasks/manager_based/openarm_manipulation/unimanual
./openarm_isaac_lab/source/openarm/openarm/tasks/manager_based/openarm_manipulation/unimanual/__init__.py
./openarm_isaac_lab/source/openarm/openarm/tasks/manager_based/openarm_manipulation/unimanual/reach
./openarm_isaac_lab/source/openarm/openarm/tasks/manager_based/openarm_manipulation/unimanual/reach/reach_env_cfg.py
./openarm_isaac_lab/source/openarm/openarm/tasks/manager_based/openarm_manipulation/unimanual/reach/__init__.py
./openarm_isaac_lab/source/openarm/openarm/tasks/manager_based/openarm_manipulation/unimanual/reach/config
./openarm_isaac_lab/source/openarm/openarm/tasks/manager_based/openarm_manipulation/unimanual/reach/config/__init__.py
./openarm_isaac_lab/source/openarm/openarm/tasks/manager_based/openarm_manipulation/unimanual/reach/config/agents
./openarm_isaac_lab/source/openarm/openarm/tasks/manager_based/openarm_manipulation/unimanual/reach/config/agents/__init__.py
./openarm_isaac_lab/source/openarm/openarm/tasks/manager_based/openarm_manipulation/unimanual/reach/config/agents/rsl_rl_ppo_cfg.py
./openarm_isaac_lab/source/openarm/openarm/tasks/manager_based/openarm_manipulation/unimanual/reach/config/agents/skrl_ppo_cfg.yaml
./openarm_isaac_lab/source/openarm/openarm/tasks/manager_based/openarm_manipulation/unimanual/reach/config/agents/rl_games_ppo_cfg.yaml
./openarm_isaac_lab/source/openarm/openarm/tasks/manager_based/openarm_manipulation/unimanual/reach/config/joint_pos_env_cfg.py
./openarm_isaac_lab/source/openarm/openarm/tasks/manager_based/openarm_manipulation/unimanual/reach/mdp
./openarm_isaac_lab/source/openarm/openarm/tasks/manager_based/openarm_manipulation/unimanual/reach/mdp/__init__.py
./openarm_isaac_lab/source/openarm/openarm/tasks/manager_based/openarm_manipulation/unimanual/reach/mdp/rewards.py
./openarm_isaac_lab/source/openarm/openarm/tasks/manager_based/openarm_manipulation/unimanual/lift
./openarm_isaac_lab/source/openarm/openarm/tasks/manager_based/openarm_manipulation/unimanual/lift/__init__.py
./openarm_isaac_lab/source/openarm/openarm/tasks/manager_based/openarm_manipulation/unimanual/lift/config
./openarm_isaac_lab/source/openarm/openarm/tasks/manager_based/openarm_manipulation/unimanual/lift/config/__init__.py
./openarm_isaac_lab/source/openarm/openarm/tasks/manager_based/openarm_manipulation/unimanual/lift/config/agents
./openarm_isaac_lab/source/openarm/openarm/tasks/manager_based/openarm_manipulation/unimanual/lift/config/agents/__init__.py
./openarm_isaac_lab/source/openarm/openarm/tasks/manager_based/openarm_manipulation/unimanual/lift/config/agents/rsl_rl_ppo_cfg.py
./openarm_isaac_lab/source/openarm/openarm/tasks/manager_based/openarm_manipulation/unimanual/lift/config/agents/skrl_ppo_cfg.yaml
./openarm_isaac_lab/source/openarm/openarm/tasks/manager_based/openarm_manipulation/unimanual/lift/config/agents/rl_games_ppo_cfg.yaml
./openarm_isaac_lab/source/openarm/openarm/tasks/manager_based/openarm_manipulation/unimanual/lift/config/joint_pos_env_cfg.py
./openarm_isaac_lab/source/openarm/openarm/tasks/manager_based/openarm_manipulation/unimanual/lift/lift_env_cfg.py
./openarm_isaac_lab/source/openarm/openarm/tasks/manager_based/openarm_manipulation/unimanual/lift/mdp
./openarm_isaac_lab/source/openarm/openarm/tasks/manager_based/openarm_manipulation/unimanual/lift/mdp/__init__.py
./openarm_isaac_lab/source/openarm/openarm/tasks/manager_based/openarm_manipulation/unimanual/lift/mdp/observations.py
./openarm_isaac_lab/source/openarm/openarm/tasks/manager_based/openarm_manipulation/unimanual/lift/mdp/terminations.py
./openarm_isaac_lab/source/openarm/openarm/tasks/manager_based/openarm_manipulation/unimanual/lift/mdp/rewards.py
./openarm_isaac_lab/source/openarm/openarm/tasks/manager_based/openarm_manipulation/unimanual/cabinet
./openarm_isaac_lab/source/openarm/openarm/tasks/manager_based/openarm_manipulation/unimanual/cabinet/cabinet_env_cfg.py
./openarm_isaac_lab/source/openarm/openarm/tasks/manager_based/openarm_manipulation/unimanual/cabinet/__init__.py
./openarm_isaac_lab/source/openarm/openarm/tasks/manager_based/openarm_manipulation/unimanual/cabinet/config
./openarm_isaac_lab/source/openarm/openarm/tasks/manager_based/openarm_manipulation/unimanual/cabinet/config/__init__.py
./openarm_isaac_lab/source/openarm/openarm/tasks/manager_based/openarm_manipulation/unimanual/cabinet/config/agents
./openarm_isaac_lab/source/openarm/openarm/tasks/manager_based/openarm_manipulation/unimanual/cabinet/config/agents/__init__.py
./openarm_isaac_lab/source/openarm/openarm/tasks/manager_based/openarm_manipulation/unimanual/cabinet/config/agents/rsl_rl_ppo_cfg.py
./openarm_isaac_lab/source/openarm/openarm/tasks/manager_based/openarm_manipulation/unimanual/cabinet/config/agents/skrl_ppo_cfg.yaml
./openarm_isaac_lab/source/openarm/openarm/tasks/manager_based/openarm_manipulation/unimanual/cabinet/config/agents/rl_games_ppo_cfg.yaml
./openarm_isaac_lab/source/openarm/openarm/tasks/manager_based/openarm_manipulation/unimanual/cabinet/config/joint_pos_env_cfg.py
./openarm_isaac_lab/source/openarm/openarm/tasks/manager_based/openarm_manipulation/unimanual/cabinet/mdp
./openarm_isaac_lab/source/openarm/openarm/tasks/manager_based/openarm_manipulation/unimanual/cabinet/mdp/__init__.py
./openarm_isaac_lab/source/openarm/openarm/tasks/manager_based/openarm_manipulation/unimanual/cabinet/mdp/observations.py
./openarm_isaac_lab/source/openarm/openarm/tasks/manager_based/openarm_manipulation/unimanual/cabinet/mdp/rewards.py
./openarm_isaac_lab/source/openarm/openarm/tasks/manager_based/openarm_manipulation/assets
./openarm_isaac_lab/source/openarm/openarm/tasks/manager_based/openarm_manipulation/assets/__init__.py
./openarm_isaac_lab/source/openarm/openarm/tasks/manager_based/openarm_manipulation/assets/openarm_bimanual.py
./openarm_isaac_lab/source/openarm/openarm/tasks/manager_based/openarm_manipulation/assets/openarm_unimanual.py
./openarm_isaac_lab/source/openarm/openarm/ui_extension_example.py
./openarm_isaac_lab/source/openarm/setup.py
./openarm_isaac_lab/source/openarm/pyproject.toml
./openarm_isaac_lab/source/openarm/openarm.egg-info
./openarm_isaac_lab/source/openarm/openarm.egg-info/top_level.txt
./openarm_isaac_lab/source/openarm/openarm.egg-info/requires.txt
./openarm_isaac_lab/source/openarm/openarm.egg-info/PKG-INFO
./openarm_isaac_lab/source/openarm/openarm.egg-info/not-zip-safe
./openarm_isaac_lab/source/openarm/openarm.egg-info/dependency_links.txt
./openarm_isaac_lab/source/openarm/openarm.egg-info/SOURCES.txt
./openarm_isaac_lab/video
./openarm_isaac_lab/video/openarm-lift-demo.gif
./openarm_isaac_lab/video/sim2sim-reach-demo.gif
./openarm_isaac_lab/video/openarm-bi-reach-demo.gif
./openarm_isaac_lab/video/openarm-reach-demo.gif
./openarm_isaac_lab/video/openarm-drawer-demo.gif
./openarm_isaac_lab/scripts
./openarm_isaac_lab/scripts/tools
./openarm_isaac_lab/scripts/tools/list_envs.py
./openarm_isaac_lab/scripts/reinforcement_learning
./openarm_isaac_lab/scripts/reinforcement_learning/rl_games
./openarm_isaac_lab/scripts/reinforcement_learning/rl_games/train.py
./openarm_isaac_lab/scripts/reinforcement_learning/rl_games/play.py
./openarm_isaac_lab/scripts/reinforcement_learning/skrl
./openarm_isaac_lab/scripts/reinforcement_learning/skrl/train.py
./openarm_isaac_lab/scripts/reinforcement_learning/skrl/play.py
./openarm_isaac_lab/scripts/reinforcement_learning/rsl_rl
./openarm_isaac_lab/scripts/reinforcement_learning/rsl_rl/cli_args.py
./openarm_isaac_lab/scripts/reinforcement_learning/rsl_rl/train.py
./openarm_isaac_lab/scripts/reinforcement_learning/rsl_rl/play.py
./openarm_isaac_lab/CONTRIBUTING.md
./openarm_isaac_lab/README.md
./openarm_isaac_lab/LICENSE.txt
./openarm_isaac_lab/CODE_OF_CONDUCT.md
./tree.log
./act
./act/conda_env.yaml
./act/scripted_policy.py
./act/detr
./act/detr/util
./act/detr/util/__init__.py
./act/detr/util/misc.py
./act/detr/util/box_ops.py
./act/detr/util/plot_utils.py
./act/detr/LICENSE
./act/detr/models
./act/detr/models/detr_vae.py
./act/detr/models/__init__.py
./act/detr/models/backbone.py
./act/detr/models/transformer.py
./act/detr/models/position_encoding.py
./act/detr/setup.py
./act/detr/main.py
./act/detr/README.md
./act/visualize_episodes.py
./act/record_sim_episodes.py
./act/sim_env.py
./act/utils.py
./act/LICENSE
./act/constants.py
./act/ee_sim_env.py
./act/policy.py
./act/imitate_episodes.py
./act/README.md
./act/assets
./act/assets/vx300s_1_base.stl
./act/assets/bimanual_viperx_ee_transfer_cube.xml
./act/assets/vx300s_8_gripper_prop.stl
./act/assets/vx300s_7_gripper.stl
./act/assets/vx300s_dependencies.xml
./act/assets/bimanual_viperx_insertion.xml
./act/assets/vx300s_6_wrist.stl
./act/assets/vx300s_2_shoulder.stl
./act/assets/vx300s_5_lower_forearm.stl
./act/assets/vx300s_3_upper_arm.stl
./act/assets/vx300s_left.xml
./act/assets/tabletop.stl
./act/assets/vx300s_right.xml
./act/assets/vx300s_10_custom_finger_left.stl
./act/assets/vx300s_10_custom_finger_right.stl
./act/assets/vx300s_10_gripper_finger.stl
./act/assets/bimanual_viperx_transfer_cube.xml
./act/assets/bimanual_viperx_ee_insertion.xml
./act/assets/vx300s_11_ar_tag.stl
./act/assets/vx300s_4_upper_forearm.stl
./act/assets/scene.xml
./act/assets/vx300s_9_gripper_bar.stl
./openarm
./openarm/LICENSE
./openarm/CONTRIBUTING.md
./openarm/README.md
./openarm/website
./openarm/website/src
./openarm/website/src/theme
./openarm/website/src/theme/NavbarItem
./openarm/website/src/theme/NavbarItem/ComponentTypes.tsx
./openarm/website/src/plugins
./openarm/website/src/plugins/csv-loader
./openarm/website/src/plugins/csv-loader/index.ts
./openarm/website/src/css
./openarm/website/src/css/custom.css
./openarm/website/src/components
./openarm/website/src/components/GitHubIssues.tsx
./openarm/website/src/components/BoMPhoto.tsx
./openarm/website/src/components/BoMSummary.tsx
./openarm/website/src/components/BlockVideo.tsx
./openarm/website/src/components/ElectricalTable.tsx
./openarm/website/src/components/ActuatorsTable.tsx
./openarm/website/src/components/PedestalManufacturedTable.tsx
./openarm/website/src/components/BoMTable.tsx
./openarm/website/src/components/LeaderEndEffectorOffTheShelfTable.tsx
./openarm/website/src/components/PedestalOffTheShelfTable.tsx
./openarm/website/src/components/ArmOffTheShelfTable.tsx
./openarm/website/src/components/AssemblyGuideImage.tsx
./openarm/website/src/components/BlockImage.tsx
./openarm/website/src/components/Table.tsx
./openarm/website/src/components/GripperOffTheShelfTable.tsx
./openarm/website/src/components/ElectricalComponentsTable.tsx
./openarm/website/src/components/ArmManufacturedTable.tsx
./openarm/website/src/components/LeaderEndEffector3DPrintTable.tsx
./openarm/website/src/components/GripperManufacturedTable.tsx
./openarm/website/src/components/MechanicalComponentsTable.tsx
./openarm/website/src/utils
./openarm/website/src/utils/priceUtils.ts
./openarm/website/package-lock.json
./openarm/website/versioned_sidebars
./openarm/website/versioned_sidebars/version-1.0-sidebars.json
./openarm/website/tsconfig.json
./openarm/website/eslint.config.mjs
./openarm/website/package.json
./openarm/website/docusaurus.config.ts
./openarm/website/static
./openarm/website/static/file
./openarm/website/static/file/hardware
./openarm/website/static/file/hardware/specification
./openarm/website/static/file/hardware/specification/motor
./openarm/website/static/file/hardware/specification/motor/dm4340.pdf
./openarm/website/static/file/hardware/specification/motor/dm8009.pdf
./openarm/website/static/file/hardware/specification/motor/dm4340p.pdf
./openarm/website/static/file/hardware/specification/motor/dm4310.pdf
./openarm/website/static/file/hardware/bill-of-materials
./openarm/website/static/file/hardware/bill-of-materials/electrical
./openarm/website/static/file/hardware/bill-of-materials/electrical/cpl-for-hub.xlsx
./openarm/website/static/file/hardware/bill-of-materials/electrical/j7-j8.pdf
./openarm/website/static/file/hardware/bill-of-materials/electrical/j4-j7.pdf
./openarm/website/static/file/hardware/bill-of-materials/electrical/bom-for-hub.csv
./openarm/website/static/file/hardware/bill-of-materials/electrical/power-extension.pdf
./openarm/website/static/file/hardware/bill-of-materials/electrical/j3-j4.pdf
./openarm/website/static/file/hardware/bill-of-materials/electrical/gerber-for-hub.zip
./openarm/website/static/file/hardware/bill-of-materials/electrical/communication.pdf
./openarm/website/static/file/hardware/bill-of-materials/electrical/j1-j2.pdf
./openarm/website/static/img
./openarm/website/static/img/simulation
./openarm/website/static/img/simulation/mujoco
./openarm/website/static/img/simulation/mujoco/mjcf-bimanual.png
./openarm/website/static/img/purchase
./openarm/website/static/img/purchase/wowrobo.png
./openarm/website/static/img/purchase/rt.png
./openarm/website/static/img/purchase/wowrobo-openarm.png
./openarm/website/static/img/tutorial
./openarm/website/static/img/tutorial/data-collection
./openarm/website/static/img/tutorial/data-collection/data_collection_start_quit.png
./openarm/website/static/img/tutorial/data-collection/in_vr_setting.png
./openarm/website/static/img/tutorial/data-collection/mujoco_datacollection.gif
./openarm/website/static/img/tutorial/data-collection/headset_uncover.png
./openarm/website/static/img/tutorial/data-collection/quest_controller_right.jpg
./openarm/website/static/img/tutorial/data-collection/headset_covered.png
./openarm/website/static/img/tutorial/data-collection/data_collection_success_fail.png
./openarm/website/static/img/tutorial/data-collection/how_to_wear_headset.png
./openarm/website/static/img/tutorial/data-collection/in_vr_default.jpg
./openarm/website/static/img/tutorial/setup
./openarm/website/static/img/tutorial/setup/arducam-config-tool-set-serial.png
./openarm/website/static/img/tutorial/setup/arducam-config-tool-open.png
./openarm/website/static/img/software
./openarm/website/static/img/software/ros2
./openarm/website/static/img/software/ros2/bimanual-moveit2.png
./openarm/website/static/img/software/ros2/bimanual-moveit2-planning.png
./openarm/website/static/img/software/ros2/moveit_v1.0.png
./openarm/website/static/img/software/ros2/moveit_v2.0.png
./openarm/website/static/img/software/description
./openarm/website/static/img/software/description/bimanual_v2.0.png
./openarm/website/static/img/software/description/single-arm-urdf-rviz.png
./openarm/website/static/img/software/description/bimanual_v1.0.png
./openarm/website/static/img/software/description/bimanual-urdf-rviz.png
./openarm/website/static/img/software/setup
./openarm/website/static/img/software/setup/damiao-debugging-tools-start.png
./openarm/website/static/img/software/setup/damiao-debugging-tools-calibrate.png
./openarm/website/static/img/software/setup/update_firm_2.png
./openarm/website/static/img/software/setup/damiao-debugging-tools-download.png
./openarm/website/static/img/software/setup/zeropos.jpg
./openarm/website/static/img/software/setup/hardware-setup.png
./openarm/website/static/img/software/setup/damiao-debugging-tools-port.png
./openarm/website/static/img/software/setup/hardware-setup-120r-termination.jpg
./openarm/website/static/img/software/setup/update_firm_3.png
./openarm/website/static/img/software/setup/update_firm_1.png
./openarm/website/static/img/software/setup/hardware-setup-can-wire.png
./openarm/website/static/img/software/setup/hardware-setup-power.png
./openarm/website/static/img/software/setup/damiao-debugging-tools-motor-info.png
./openarm/website/static/img/software/setup/damiao-debugging-tools-config.png
./openarm/website/static/img/software/setup/hardware-setup-motor.png
./openarm/website/static/img/social-card.svg
./openarm/website/static/img/teleop
./openarm/website/static/img/teleop/leader-follower
./openarm/website/static/img/teleop/leader-follower/unilateral.png
./openarm/website/static/img/teleop/leader-follower/4ch-bilateral.png
./openarm/website/static/img/logo-white.svg
./openarm/website/static/img/getting-started
./openarm/website/static/img/getting-started/safety-guidelines
./openarm/website/static/img/getting-started/safety-guidelines/distance.png
./openarm/website/static/img/getting-started/safety-guidelines/emergency-stop.png
./openarm/website/static/img/getting-started/safety-guidelines/location.png
./openarm/website/static/img/getting-started/safety-guidelines/ppe.png
./openarm/website/static/img/getting-started/safety-guidelines/limitation.png
./openarm/website/static/img/getting-started/safety-guidelines/risk.png
./openarm/website/static/img/getting-started/index
./openarm/website/static/img/getting-started/index/unique.png
./openarm/website/static/img/logo.svg
./openarm/website/static/img/hardware
./openarm/website/static/img/hardware/assembly-guide
./openarm/website/static/img/hardware/assembly-guide/leader-end-effector
./openarm/website/static/img/hardware/assembly-guide/leader-end-effector/step7.png
./openarm/website/static/img/hardware/assembly-guide/leader-end-effector/bearings.png
./openarm/website/static/img/hardware/assembly-guide/leader-end-effector/step13.png
./openarm/website/static/img/hardware/assembly-guide/leader-end-effector/step9.png
./openarm/website/static/img/hardware/assembly-guide/leader-end-effector/pincer-heat-set-insert.png
./openarm/website/static/img/hardware/assembly-guide/leader-end-effector/step12.png
./openarm/website/static/img/hardware/assembly-guide/leader-end-effector/step10.png
./openarm/website/static/img/hardware/assembly-guide/leader-end-effector/step6.png
./openarm/website/static/img/hardware/assembly-guide/leader-end-effector/conclusion.png
./openarm/website/static/img/hardware/assembly-guide/leader-end-effector/step8.png
./openarm/website/static/img/hardware/assembly-guide/leader-end-effector/swivel-rotor-heat-set-insert.png
./openarm/website/static/img/hardware/assembly-guide/leader-end-effector/step11.png
./openarm/website/static/img/hardware/assembly-guide/leader-end-effector/rail-connector-heat-set-insert.png
./openarm/website/static/img/hardware/assembly-guide/leader-end-effector/step1.png
./openarm/website/static/img/hardware/assembly-guide/j1-j2
./openarm/website/static/img/hardware/assembly-guide/j1-j2/step7.png
./openarm/website/static/img/hardware/assembly-guide/j1-j2/step6.png
./openarm/website/static/img/hardware/assembly-guide/j1-j2/conclusion.png
./openarm/website/static/img/hardware/assembly-guide/j1-j2/step3.png
./openarm/website/static/img/hardware/assembly-guide/j1-j2/step2.png
./openarm/website/static/img/hardware/assembly-guide/j1-j2/assembly.png
./openarm/website/static/img/hardware/assembly-guide/j1-j2/step4.png
./openarm/website/static/img/hardware/assembly-guide/j1-j2/step5.png
./openarm/website/static/img/hardware/assembly-guide/j1-j2/step1.png
./openarm/website/static/img/hardware/assembly-guide/j2-j3
./openarm/website/static/img/hardware/assembly-guide/j2-j3/conclusion.png
./openarm/website/static/img/hardware/assembly-guide/j2-j3/step3.png
./openarm/website/static/img/hardware/assembly-guide/j2-j3/step2.png
./openarm/website/static/img/hardware/assembly-guide/j2-j3/step1.png
./openarm/website/static/img/hardware/assembly-guide/pedestal
./openarm/website/static/img/hardware/assembly-guide/pedestal/reinforcement.png
./openarm/website/static/img/hardware/assembly-guide/pedestal/base-plate.png
./openarm/website/static/img/hardware/assembly-guide/pedestal/side-brackets.png
./openarm/website/static/img/hardware/assembly-guide/pedestal/extrusion.png
./openarm/website/static/img/hardware/assembly-guide/j5-j6-j7
./openarm/website/static/img/hardware/assembly-guide/j5-j6-j7/step7.png
./openarm/website/static/img/hardware/assembly-guide/j5-j6-j7/step8-tip.png
./openarm/website/static/img/hardware/assembly-guide/j5-j6-j7/step9.png
./openarm/website/static/img/hardware/assembly-guide/j5-j6-j7/step12.png
./openarm/website/static/img/hardware/assembly-guide/j5-j6-j7/step10.png
./openarm/website/static/img/hardware/assembly-guide/j5-j6-j7/step6.png
./openarm/website/static/img/hardware/assembly-guide/j5-j6-j7/conclusion.png
./openarm/website/static/img/hardware/assembly-guide/j5-j6-j7/step6-tip.png
./openarm/website/static/img/hardware/assembly-guide/j5-j6-j7/step3.png
./openarm/website/static/img/hardware/assembly-guide/j5-j6-j7/step8.png
./openarm/website/static/img/hardware/assembly-guide/j5-j6-j7/prep-step1.png
./openarm/website/static/img/hardware/assembly-guide/j5-j6-j7/prep-step2.png
./openarm/website/static/img/hardware/assembly-guide/j5-j6-j7/step11-tip.png
./openarm/website/static/img/hardware/assembly-guide/j5-j6-j7/step2.png
./openarm/website/static/img/hardware/assembly-guide/j5-j6-j7/step4.png
./openarm/website/static/img/hardware/assembly-guide/j5-j6-j7/step12-tip.png
./openarm/website/static/img/hardware/assembly-guide/j5-j6-j7/step11.png
./openarm/website/static/img/hardware/assembly-guide/j5-j6-j7/step10-tip.png
./openarm/website/static/img/hardware/assembly-guide/j5-j6-j7/step5.png
./openarm/website/static/img/hardware/assembly-guide/j5-j6-j7/step1.png
./openarm/website/static/img/hardware/assembly-guide/j3-j4
./openarm/website/static/img/hardware/assembly-guide/j3-j4/step7.png
./openarm/website/static/img/hardware/assembly-guide/j3-j4/step1-tip.png
./openarm/website/static/img/hardware/assembly-guide/j3-j4/step4-tip.png
./openarm/website/static/img/hardware/assembly-guide/j3-j4/step6.png
./openarm/website/static/img/hardware/assembly-guide/j3-j4/conclusion.png
./openarm/website/static/img/hardware/assembly-guide/j3-j4/step3.png
./openarm/website/static/img/hardware/assembly-guide/j3-j4/step2.png
./openarm/website/static/img/hardware/assembly-guide/j3-j4/step4.png
./openarm/website/static/img/hardware/assembly-guide/j3-j4/step5.png
./openarm/website/static/img/hardware/assembly-guide/j3-j4/step1.png
./openarm/website/static/img/hardware/assembly-guide/final-assembly
./openarm/website/static/img/hardware/assembly-guide/final-assembly/step3.png
./openarm/website/static/img/hardware/assembly-guide/final-assembly/step2.png
./openarm/website/static/img/hardware/assembly-guide/final-assembly/follower-skeleton-render.png
./openarm/website/static/img/hardware/assembly-guide/final-assembly/step1.png
./openarm/website/static/img/hardware/assembly-guide/gripper
./openarm/website/static/img/hardware/assembly-guide/gripper/step7.png
./openarm/website/static/img/hardware/assembly-guide/gripper/step9.png
./openarm/website/static/img/hardware/assembly-guide/gripper/step10.png
./openarm/website/static/img/hardware/assembly-guide/gripper/step6.png
./openarm/website/static/img/hardware/assembly-guide/gripper/conclusion.png
./openarm/website/static/img/hardware/assembly-guide/gripper/step3.png
./openarm/website/static/img/hardware/assembly-guide/gripper/step8.png
./openarm/website/static/img/hardware/assembly-guide/gripper/step2.png
./openarm/website/static/img/hardware/assembly-guide/gripper/step4.png
./openarm/website/static/img/hardware/assembly-guide/gripper/step5.png
./openarm/website/static/img/hardware/assembly-guide/gripper/step1.png
./openarm/website/static/img/hardware/assembly-guide/j4-j5
./openarm/website/static/img/hardware/assembly-guide/j4-j5/conclusion.png
./openarm/website/static/img/hardware/assembly-guide/j4-j5/step3.png
./openarm/website/static/img/hardware/assembly-guide/j4-j5/step2.png
./openarm/website/static/img/hardware/assembly-guide/j4-j5/step4.png
./openarm/website/static/img/hardware/assembly-guide/j4-j5/tip.png
./openarm/website/static/img/hardware/assembly-guide/j4-j5/step5.png
./openarm/website/static/img/hardware/assembly-guide/j4-j5/step1.png
./openarm/website/static/img/hardware/bom
./openarm/website/static/img/hardware/bom/leader-end-effector-3d-print
./openarm/website/static/img/hardware/bom/leader-end-effector-3d-print/rail-connector-leader.png
./openarm/website/static/img/hardware/bom/leader-end-effector-3d-print/swivel-link-leader.png
./openarm/website/static/img/hardware/bom/leader-end-effector-3d-print/left-pincer.png
./openarm/website/static/img/hardware/bom/leader-end-effector-3d-print/right-pincer.png
./openarm/website/static/img/hardware/bom/leader-end-effector-3d-print/swivel-rotor-leader.png
./openarm/website/static/img/hardware/bom/gripper-manufactured
./openarm/website/static/img/hardware/bom/gripper-manufactured/swivel-rotor.png
./openarm/website/static/img/hardware/bom/gripper-manufactured/swivel-link.png
./openarm/website/static/img/hardware/bom/gripper-manufactured/rail-cnc-attachment.png
./openarm/website/static/img/hardware/bom/gripper-manufactured/rail-connector.png
./openarm/website/static/img/hardware/bom/electrical
./openarm/website/static/img/hardware/bom/electrical/connector.jpg
./openarm/website/static/img/hardware/bom/electrical/usb2canfd.jpg
./openarm/website/static/img/hardware/bom/electrical/j1.png
./openarm/website/static/img/hardware/bom/electrical/power-supply.jpg
./openarm/website/static/img/hardware/bom/electrical/j3-j4.png
./openarm/website/static/img/hardware/bom/electrical/communication.png
./openarm/website/static/img/hardware/bom/electrical/extension.png
./openarm/website/static/img/hardware/bom/electrical/j4-j7.png
./openarm/website/static/img/hardware/bom/electrical/j7-j8.png
./openarm/website/static/img/hardware/bom/electrical/estop.jpg
./openarm/website/static/img/hardware/bom/electrical/pcb.png
./openarm/website/static/img/hardware/bom/electrical/images.jpg
./openarm/website/static/img/hardware/bom/gripper-off-the-shelf
./openarm/website/static/img/hardware/bom/gripper-off-the-shelf/kbbs3-6.png
./openarm/website/static/img/hardware/bom/gripper-off-the-shelf/dbsy4-5-4.png
./openarm/website/static/img/hardware/bom/gripper-off-the-shelf/mr126zz.png
./openarm/website/static/img/hardware/bom/gripper-off-the-shelf/m3-8.png
./openarm/website/static/img/hardware/bom/gripper-off-the-shelf/m3-5.png
./openarm/website/static/img/hardware/bom/gripper-off-the-shelf/rse2b10-155.png
./openarm/website/static/img/hardware/bom/arm-manufactured
./openarm/website/static/img/hardware/bom/arm-manufactured/j6-b.png
./openarm/website/static/img/hardware/bom/arm-manufactured/j6-c-left.png
./openarm/website/static/img/hardware/bom/arm-manufactured/j1-d.png
./openarm/website/static/img/hardware/bom/arm-manufactured/j7-e.png
./openarm/website/static/img/hardware/bom/arm-manufactured/j7-a.png
./openarm/website/static/img/hardware/bom/arm-manufactured/j6-d.png
./openarm/website/static/img/hardware/bom/arm-manufactured/j2-b.png
./openarm/website/static/img/hardware/bom/arm-manufactured/j6-c-right.png
./openarm/website/static/img/hardware/bom/arm-manufactured/j4-c.png
./openarm/website/static/img/hardware/bom/arm-manufactured/j4-a.png
./openarm/website/static/img/hardware/bom/arm-manufactured/j1-b.png
./openarm/website/static/img/hardware/bom/arm-manufactured/j6-a.png
./openarm/website/static/img/hardware/bom/arm-manufactured/j8-b.png
./openarm/website/static/img/hardware/bom/arm-manufactured/j4-d.png
./openarm/website/static/img/hardware/bom/arm-manufactured/j5-a.png
./openarm/website/static/img/hardware/bom/arm-manufactured/j2-a.png
./openarm/website/static/img/hardware/bom/arm-manufactured/j2-c.png
./openarm/website/static/img/hardware/bom/arm-manufactured/j1-a.png
./openarm/website/static/img/hardware/bom/arm-manufactured/j1-c.png
./openarm/website/static/img/hardware/bom/arm-manufactured/j7-d-left.png
./openarm/website/static/img/hardware/bom/arm-manufactured/j7-b.png
./openarm/website/static/img/hardware/bom/arm-manufactured/j4-b.png
./openarm/website/static/img/hardware/bom/arm-manufactured/j7-d-right.png
./openarm/website/static/img/hardware/bom/arm-manufactured/j4-e.png
./openarm/website/static/img/hardware/bom/arm-manufactured/j1-e.png
./openarm/website/static/img/hardware/bom/arm-manufactured/j8-a.png
./openarm/website/static/img/hardware/bom/arm-manufactured/j7-c.png
./openarm/website/static/img/hardware/bom/leader-end-effector-off-the-shelf
./openarm/website/static/img/hardware/bom/leader-end-effector-off-the-shelf/m3-6.png
./openarm/website/static/img/hardware/bom/leader-end-effector-off-the-shelf/m3-6-heat-set-insert.png
./openarm/website/static/img/hardware/bom/leader-end-effector-off-the-shelf/dbsy4-5-4.png
./openarm/website/static/img/hardware/bom/leader-end-effector-off-the-shelf/sse2bsz-mx10-135.png
./openarm/website/static/img/hardware/bom/leader-end-effector-off-the-shelf/mr126zz.png
./openarm/website/static/img/hardware/bom/leader-end-effector-off-the-shelf/m3-8.png
./openarm/website/static/img/hardware/bom/leader-end-effector-off-the-shelf/m3-15.png
./openarm/website/static/img/hardware/bom/leader-end-effector-off-the-shelf/m4-4-heat-set-insert.png
./openarm/website/static/img/hardware/bom/leader-end-effector-off-the-shelf/m3-12.png
./openarm/website/static/img/hardware/bom/procurement
./openarm/website/static/img/hardware/bom/procurement/bom-summary.png
./openarm/website/static/img/hardware/bom/procurement/lcsc-step2.png
./openarm/website/static/img/hardware/bom/procurement/lcsc-step5.png
./openarm/website/static/img/hardware/bom/procurement/jlcpcb-step1.png
./openarm/website/static/img/hardware/bom/procurement/procurement-meviy.png
./openarm/website/static/img/hardware/bom/procurement/jlcpcb-step4.png
./openarm/website/static/img/hardware/bom/procurement/jlcpcb-step3.png
./openarm/website/static/img/hardware/bom/procurement/lcsc-step1.png
./openarm/website/static/img/hardware/bom/procurement/jlcpcb-step2.png
./openarm/website/static/img/hardware/bom/procurement/jlcpcb-step6.png
./openarm/website/static/img/hardware/bom/procurement/lcsc-step3.png
./openarm/website/static/img/hardware/bom/procurement/jlcpcb-step5.png
./openarm/website/static/img/hardware/bom/procurement/jlcpcb-step7.png
./openarm/website/static/img/hardware/bom/procurement/lcsc-step4.png
./openarm/website/static/img/hardware/bom/arm-off-the-shelf
./openarm/website/static/img/hardware/bom/arm-off-the-shelf/m3-6.png
./openarm/website/static/img/hardware/bom/arm-off-the-shelf/m4-6.png
./openarm/website/static/img/hardware/bom/arm-off-the-shelf/dbsy465.png
./openarm/website/static/img/hardware/bom/arm-off-the-shelf/m3-8.png
./openarm/website/static/img/hardware/bom/arm-off-the-shelf/m4-8.png
./openarm/website/static/img/hardware/bom/arm-off-the-shelf/m4-10.png
./openarm/website/static/img/hardware/bom/arm-off-the-shelf/circular-post-61.png
./openarm/website/static/img/hardware/bom/arm-off-the-shelf/washer.png
./openarm/website/static/img/hardware/bom/arm-off-the-shelf/m3-15.png
./openarm/website/static/img/hardware/bom/arm-off-the-shelf/m3-18.png
./openarm/website/static/img/hardware/bom/arm-off-the-shelf/mr106zz1.png
./openarm/website/static/img/hardware/bom/arm-off-the-shelf/fl6700zz.png
./openarm/website/static/img/hardware/bom/arm-off-the-shelf/circular-post-74-2.png
./openarm/website/static/img/hardware/bom/arm-off-the-shelf/m5-10.png
./openarm/website/static/img/hardware/bom/arm-off-the-shelf/fl6803zz.png
./openarm/website/static/img/hardware/bom/pedestal-manufactured
./openarm/website/static/img/hardware/bom/pedestal-manufactured/base-plate.png
./openarm/website/static/img/hardware/bom/pedestal-off-the-shelf
./openarm/website/static/img/hardware/bom/pedestal-off-the-shelf/bracket.png
./openarm/website/static/img/hardware/bom/pedestal-off-the-shelf/reinforcement.png
./openarm/website/static/img/hardware/bom/pedestal-off-the-shelf/hntp6-6.png
./openarm/website/static/img/hardware/bom/pedestal-off-the-shelf/cbm6-12.png
./openarm/website/static/img/hardware/bom/pedestal-off-the-shelf/extrusion.png
./openarm/website/static/img/hardware/openarm-ker
./openarm/website/static/img/hardware/openarm-ker/general
./openarm/website/static/img/hardware/openarm-ker/general/ker.gif
./openarm/website/static/img/hardware/openarm-cell
./openarm/website/static/img/hardware/openarm-cell/general
./openarm/website/static/img/hardware/openarm-cell/general/openarm-cell.png
./openarm/website/static/img/hardware/openarm-cell/general/dimensions.png
./openarm/website/static/img/hardware/openarm-cell/general/zero-position.gif
./openarm/website/static/img/hardware/openarm-cell/general/reach-in-stop.gif
./openarm/website/static/img/hardware/openarm-cell/calibration-workflow
./openarm/website/static/img/hardware/openarm-cell/calibration-workflow/step3.png
./openarm/website/static/img/hardware/openarm-cell/calibration-workflow/step2.png
./openarm/website/static/img/hardware/openarm-cell/calibration-workflow/step4.png
./openarm/website/static/img/hardware/openarm-cell/calibration-workflow/step5.png
./openarm/website/static/img/hardware/openarm-cell/calibration-workflow/step1.png
./openarm/website/static/img/hardware/specification
./openarm/website/static/img/hardware/specification/motor
./openarm/website/static/img/hardware/specification/motor/architecture.png
./openarm/website/static/img/hardware/specification/general
./openarm/website/static/img/hardware/specification/general/nominal-payload.png
./openarm/website/static/img/hardware/specification/general/openarm-specs.png
./openarm/website/static/img/hardware/specification/general/dimensions.png
./openarm/website/static/img/hardware/specification/general/peak-payload.png
./openarm/website/static/img/hardware/specification/gripper
./openarm/website/static/img/hardware/specification/gripper/fully-closed.png
./openarm/website/static/img/hardware/specification/gripper/architecture.png
./openarm/website/static/img/hardware/specification/gripper/fully-opened.png
./openarm/website/static/img/hardware/wiring-and-casing-guide
./openarm/website/static/img/hardware/wiring-and-casing-guide/chest-cover-screw.png
./openarm/website/static/img/hardware/wiring-and-casing-guide/commu-cable.png
./openarm/website/static/img/hardware/wiring-and-casing-guide/j3-j4-casing.png
./openarm/website/static/img/hardware/wiring-and-casing-guide/chest-cover-closing-back.png
./openarm/website/static/img/hardware/wiring-and-casing-guide/j6-j7-casing.png
./openarm/website/static/img/hardware/wiring-and-casing-guide/casing-complete.png
./openarm/website/static/img/hardware/wiring-and-casing-guide/j3j4-connection.png
./openarm/website/static/img/hardware/wiring-and-casing-guide/j1-j2-cable.png
./openarm/website/static/img/hardware/wiring-and-casing-guide/j2-j3-process1.png
./openarm/website/static/img/hardware/wiring-and-casing-guide/j4j7-connection2.png
./openarm/website/static/img/hardware/wiring-and-casing-guide/j6-j7-process1.png
./openarm/website/static/img/hardware/wiring-and-casing-guide/j1-j2-process2.png
./openarm/website/static/img/hardware/wiring-and-casing-guide/j4-j5-casing.png
./openarm/website/static/img/hardware/wiring-and-casing-guide/j7-j8-process2.png
./openarm/website/static/img/hardware/wiring-and-casing-guide/j4-j7-cable-assign.png
./openarm/website/static/img/hardware/wiring-and-casing-guide/j3-j4-process1.png
./openarm/website/static/img/hardware/wiring-and-casing-guide/j4j7-connection1.png
./openarm/website/static/img/hardware/wiring-and-casing-guide/chest-cover-closing-front.png
./openarm/website/static/img/hardware/wiring-and-casing-guide/j7-j8-cable.png
./openarm/website/static/img/hardware/wiring-and-casing-guide/j4-j7-cable.png
./openarm/website/static/img/hardware/wiring-and-casing-guide/power-config.png
./openarm/website/static/img/hardware/wiring-and-casing-guide/supplementary-information
./openarm/website/static/img/hardware/wiring-and-casing-guide/supplementary-information/enactic-method-step8.jpg
./openarm/website/static/img/hardware/wiring-and-casing-guide/supplementary-information/enactic-method-step4-1.jpg
./openarm/website/static/img/hardware/wiring-and-casing-guide/supplementary-information/wowrobo-b.png
./openarm/website/static/img/hardware/wiring-and-casing-guide/supplementary-information/enactic-method-step11-2.jpg
./openarm/website/static/img/hardware/wiring-and-casing-guide/supplementary-information/enactic-method-step5.jpg
./openarm/website/static/img/hardware/wiring-and-casing-guide/supplementary-information/enactic-method-step7-2.jpg
./openarm/website/static/img/hardware/wiring-and-casing-guide/supplementary-information/enactic-method-step3.jpg
./openarm/website/static/img/hardware/wiring-and-casing-guide/supplementary-information/enactic-method-step12.jpg
./openarm/website/static/img/hardware/wiring-and-casing-guide/supplementary-information/enactic-method-step11-1.jpg
./openarm/website/static/img/hardware/wiring-and-casing-guide/supplementary-information/enactic-method-step1-2.jpg
./openarm/website/static/img/hardware/wiring-and-casing-guide/supplementary-information/enactic-method-step6.jpg
./openarm/website/static/img/hardware/wiring-and-casing-guide/supplementary-information/j4-j7.jpg
./openarm/website/static/img/hardware/wiring-and-casing-guide/supplementary-information/wowrobo-a.png
./openarm/website/static/img/hardware/wiring-and-casing-guide/supplementary-information/cereboto.png
./openarm/website/static/img/hardware/wiring-and-casing-guide/supplementary-information/enactic-method-step10.jpg
./openarm/website/static/img/hardware/wiring-and-casing-guide/supplementary-information/enactic-method-step1-1.jpg
./openarm/website/static/img/hardware/wiring-and-casing-guide/supplementary-information/enactic-method-step9.jpg
./openarm/website/static/img/hardware/wiring-and-casing-guide/supplementary-information/enactic-method-step2.jpg
./openarm/website/static/img/hardware/wiring-and-casing-guide/supplementary-information/j3-j4.jpg
./openarm/website/static/img/hardware/wiring-and-casing-guide/supplementary-information/enactic-method-step7-1.jpg
./openarm/website/static/img/hardware/wiring-and-casing-guide/supplementary-information/enactic-method-step4-2.jpg
./openarm/website/static/img/hardware/wiring-and-casing-guide/perspective-cable-front.png
./openarm/website/static/img/hardware/wiring-and-casing-guide/j4-j5-process2.png
./openarm/website/static/img/hardware/wiring-and-casing-guide/hubboard-components.png
./openarm/website/static/img/hardware/wiring-and-casing-guide/perspective-cable-back.png
./openarm/website/static/img/hardware/wiring-and-casing-guide/hubboard-wiring.png
./openarm/website/static/img/hardware/wiring-and-casing-guide/power-extension-cable.png
./openarm/website/static/img/hardware/wiring-and-casing-guide/hubboard-commu-connection.png
./openarm/website/static/img/hardware/wiring-and-casing-guide/hubboard-extension-connection.png
./openarm/website/static/img/hardware/wiring-and-casing-guide/j2-j3-process2.png
./openarm/website/static/img/hardware/wiring-and-casing-guide/j2-j3-casing.png
./openarm/website/static/img/hardware/wiring-and-casing-guide/j1j2-connection.png
./openarm/website/static/img/hardware/wiring-and-casing-guide/j4-j5-process1.png
./openarm/website/static/img/hardware/wiring-and-casing-guide/csppnsb-sus-tp3-8.png
./openarm/website/static/img/hardware/wiring-and-casing-guide/j3j4-j4j7-wiring.png
./openarm/website/static/img/hardware/wiring-and-casing-guide/j1-j2-casing.png
./openarm/website/static/img/hardware/wiring-and-casing-guide/j7-j8-process1.png
./openarm/website/static/img/hardware/wiring-and-casing-guide/nomal-config.png
./openarm/website/static/img/hardware/wiring-and-casing-guide/hubboard-components-chest-cover.png
./openarm/website/static/img/hardware/wiring-and-casing-guide/hubboard-attaching.png
./openarm/website/static/img/hardware/wiring-and-casing-guide/j1-j2-process1.png
./openarm/website/static/img/hardware/wiring-and-casing-guide/j6-j7-process2.png
./openarm/website/static/img/hardware/wiring-and-casing-guide/hubboard-motor-connection.png
./openarm/website/static/img/hardware/wiring-and-casing-guide/j3-j4-cable-assign.png
./openarm/website/static/img/hardware/wiring-and-casing-guide/j3-j4-cable.png
./openarm/website/static/img/hardware/openarm-2.0
./openarm/website/static/img/hardware/openarm-2.0/motor
./openarm/website/static/img/hardware/openarm-2.0/motor/location.png
./openarm/website/static/img/hardware/openarm-2.0/general
./openarm/website/static/img/hardware/openarm-2.0/general/openarm-2.0.png
./openarm/website/static/img/hardware/openarm-2.0/general/nominal-payload.png
./openarm/website/static/img/hardware/openarm-2.0/general/dimensions.png
./openarm/website/static/img/hardware/openarm-2.0/general/peak-payload.png
./openarm/website/static/img/hardware/openarm-2.0/general/v2_mech_stop_conf.png
./openarm/website/static/img/hardware/openarm-2.0/gripper
./openarm/website/static/img/hardware/openarm-2.0/gripper/gripper.png
./openarm/website/static/video
./openarm/website/static/video/simulation
./openarm/website/static/video/simulation/isaac-lab
./openarm/website/static/video/simulation/isaac-lab/openarm-bi-reach-demo.mp4
./openarm/website/static/video/simulation/isaac-lab/opening-drawer.mp4
./openarm/website/static/video/simulation/isaac-lab/lifting-cube.mp4
./openarm/website/static/video/simulation/isaac-lab/reaching-task.mp4
./openarm/website/static/video/simulation/mujoco
./openarm/website/static/video/simulation/mujoco/tutorial.mp4
./openarm/website/static/video/teleop
./openarm/website/static/video/teleop/vr
./openarm/website/static/video/teleop/vr/simulation.mp4
./openarm/website/static/robots.txt
./openarm/website/sidebars.ts
./openarm/website/scripts
./openarm/website/scripts/fetch-popular-issues.sh
./openarm/website/README.md
./openarm/website/docs
./openarm/website/docs/simulation
./openarm/website/docs/simulation/isaac-lab.mdx
./openarm/website/docs/simulation/_category_.json
./openarm/website/docs/simulation/mujoco.mdx
./openarm/website/docs/faq
./openarm/website/docs/faq/_category_.json
./openarm/website/docs/faq/index.md
./openarm/website/docs/purchase
./openarm/website/docs/purchase/_category_.json
./openarm/website/docs/purchase/index.mdx
./openarm/website/docs/tutorial
./openarm/website/docs/tutorial/inference.mdx
./openarm/website/docs/tutorial/_category_.json
./openarm/website/docs/tutorial/setup.mdx
./openarm/website/docs/tutorial/data-collection.mdx
./openarm/website/docs/overview
./openarm/website/docs/overview/_category_.json
./openarm/website/docs/overview/contribute.md
./openarm/website/docs/overview/index.mdx
./openarm/website/docs/overview/safety-guide.mdx
./openarm/website/docs/overview/whats-new-in-2.0.mdx
./openarm/website/docs/dataset
./openarm/website/docs/dataset/dataset.mdx
./openarm/website/docs/dataset/_category_.json
./openarm/website/docs/dataset/api.mdx
./openarm/website/docs/teleop
./openarm/website/docs/teleop/_category_.json
./openarm/website/docs/teleop/leader-follower
./openarm/website/docs/teleop/leader-follower/unilateral-control.md
./openarm/website/docs/teleop/leader-follower/_category_.json
./openarm/website/docs/teleop/leader-follower/setup-guide.md
./openarm/website/docs/teleop/leader-follower/index.mdx
./openarm/website/docs/teleop/leader-follower/bilateral-control.md
./openarm/website/docs/teleop/vr.mdx
./openarm/website/docs/hardware
./openarm/website/docs/hardware/_category_.json
./openarm/website/docs/hardware/openarm-ker
./openarm/website/docs/hardware/openarm-ker/general.mdx
./openarm/website/docs/hardware/openarm-ker/_category_.json
./openarm/website/docs/hardware/openarm-cell
./openarm/website/docs/hardware/openarm-cell/general.mdx
./openarm/website/docs/hardware/openarm-cell/_category_.json
./openarm/website/docs/hardware/openarm-cell/calibration-workflow.mdx
./openarm/website/docs/hardware/openarm-2.0
./openarm/website/docs/hardware/openarm-2.0/general.mdx
./openarm/website/docs/hardware/openarm-2.0/_category_.json
./openarm/website/docs/hardware/openarm-2.0/motor.mdx
./openarm/website/docs/hardware/openarm-2.0/gripper.mdx
./openarm/website/docs/api-reference
./openarm/website/docs/api-reference/ros2
./openarm/website/docs/api-reference/ros2/control.mdx
./openarm/website/docs/api-reference/ros2/_category_.json
./openarm/website/docs/api-reference/ros2/install.mdx
./openarm/website/docs/api-reference/dora.md
./openarm/website/docs/api-reference/_category_.json
./openarm/website/docs/api-reference/can
./openarm/website/docs/api-reference/can/_category_.json
./openarm/website/docs/api-reference/can/can.mdx
./openarm/website/docs/api-reference/can/cli.mdx
./openarm/website/docs/api-reference/description.mdx
./openarm/website/docs/api-reference/index.mdx
./openarm/website/docs/api-reference/setup
./openarm/website/docs/api-reference/setup/4-motor-config.mdx
./openarm/website/docs/api-reference/setup/2-can-setup.mdx
./openarm/website/docs/api-reference/setup/3-configure-test.mdx
./openarm/website/docs/api-reference/setup/1-motor-id.mdx
./openarm/website/docs/api-reference/setup/_category_.json
./openarm/website/docs/api-reference/setup/6-motor-firmware-update.mdx
./openarm/website/docs/api-reference/setup/5-run-demo.mdx
./openarm/website/docs/api-reference/setup/index.md
./openarm/website/versioned_docs
./openarm/website/versioned_docs/version-1.0
./openarm/website/versioned_docs/version-1.0/simulation
./openarm/website/versioned_docs/version-1.0/simulation/isaac-lab.mdx
./openarm/website/versioned_docs/version-1.0/simulation/_category_.json
./openarm/website/versioned_docs/version-1.0/simulation/mujoco.mdx
./openarm/website/versioned_docs/version-1.0/faq
./openarm/website/versioned_docs/version-1.0/faq/_category_.json
./openarm/website/versioned_docs/version-1.0/faq/index.md
./openarm/website/versioned_docs/version-1.0/purchase
./openarm/website/versioned_docs/version-1.0/purchase/_category_.json
./openarm/website/versioned_docs/version-1.0/purchase/index.mdx
./openarm/website/versioned_docs/version-1.0/software
./openarm/website/versioned_docs/version-1.0/software/ros2
./openarm/website/versioned_docs/version-1.0/software/ros2/control.mdx
./openarm/website/versioned_docs/version-1.0/software/ros2/_category_.json
./openarm/website/versioned_docs/version-1.0/software/ros2/install.mdx
./openarm/website/versioned_docs/version-1.0/software/_category_.json
./openarm/website/versioned_docs/version-1.0/software/can.mdx
./openarm/website/versioned_docs/version-1.0/software/controls.md
./openarm/website/versioned_docs/version-1.0/software/ubuntu
./openarm/website/versioned_docs/version-1.0/software/ubuntu/_category_.json
./openarm/website/versioned_docs/version-1.0/software/ubuntu/index.mdx
./openarm/website/versioned_docs/version-1.0/software/ubuntu/dual-boot.mdx
./openarm/website/versioned_docs/version-1.0/software/ubuntu/docker.mdx
./openarm/website/versioned_docs/version-1.0/software/description.mdx
./openarm/website/versioned_docs/version-1.0/software/setup
./openarm/website/versioned_docs/version-1.0/software/setup/4-motor-config.mdx
./openarm/website/versioned_docs/version-1.0/software/setup/2-can-setup.mdx
./openarm/website/versioned_docs/version-1.0/software/setup/3-configure-test.mdx
./openarm/website/versioned_docs/version-1.0/software/setup/1-motor-id.mdx
./openarm/website/versioned_docs/version-1.0/software/setup/_category_.json
./openarm/website/versioned_docs/version-1.0/software/setup/5-run-demo.mdx
./openarm/website/versioned_docs/version-1.0/software/setup/index.md
./openarm/website/versioned_docs/version-1.0/software/index.md
./openarm/website/versioned_docs/version-1.0/teleop
./openarm/website/versioned_docs/version-1.0/teleop/_category_.json
./openarm/website/versioned_docs/version-1.0/teleop/leader-follower
./openarm/website/versioned_docs/version-1.0/teleop/leader-follower/unilateral-control.md
./openarm/website/versioned_docs/version-1.0/teleop/leader-follower/_category_.json
./openarm/website/versioned_docs/version-1.0/teleop/leader-follower/setup-guide.md
./openarm/website/versioned_docs/version-1.0/teleop/leader-follower/index.mdx
./openarm/website/versioned_docs/version-1.0/teleop/leader-follower/bilateral-control.md
./openarm/website/versioned_docs/version-1.0/teleop/vr.mdx
./openarm/website/versioned_docs/version-1.0/getting-started
./openarm/website/versioned_docs/version-1.0/getting-started/_category_.json
./openarm/website/versioned_docs/version-1.0/getting-started/contribute.md
./openarm/website/versioned_docs/version-1.0/getting-started/index.mdx
./openarm/website/versioned_docs/version-1.0/getting-started/project-overview.mdx
./openarm/website/versioned_docs/version-1.0/getting-started/safety-guide.mdx
./openarm/website/versioned_docs/version-1.0/hardware
./openarm/website/versioned_docs/version-1.0/hardware/assembly-guide
./openarm/website/versioned_docs/version-1.0/hardware/assembly-guide/final-assembly.mdx
./openarm/website/versioned_docs/version-1.0/hardware/assembly-guide/j4-j5-sub-assembly.mdx
./openarm/website/versioned_docs/version-1.0/hardware/assembly-guide/pedestal-assembly.mdx
./openarm/website/versioned_docs/version-1.0/hardware/assembly-guide/find-cad-files.mdx
./openarm/website/versioned_docs/version-1.0/hardware/assembly-guide/gripper-sub-assembly.mdx
./openarm/website/versioned_docs/version-1.0/hardware/assembly-guide/leader-end-effector-sub-assembly.mdx
./openarm/website/versioned_docs/version-1.0/hardware/assembly-guide/_category_.json
./openarm/website/versioned_docs/version-1.0/hardware/assembly-guide/j3-j4-sub-assembly.mdx
./openarm/website/versioned_docs/version-1.0/hardware/assembly-guide/j2-j3-sub-assembly.mdx
./openarm/website/versioned_docs/version-1.0/hardware/assembly-guide/j1-j2-sub-assembly.mdx
./openarm/website/versioned_docs/version-1.0/hardware/assembly-guide/j5-j6-j7-sub-assembly.mdx
./openarm/website/versioned_docs/version-1.0/hardware/specifications
./openarm/website/versioned_docs/version-1.0/hardware/specifications/general.mdx
./openarm/website/versioned_docs/version-1.0/hardware/specifications/_category_.json
./openarm/website/versioned_docs/version-1.0/hardware/specifications/motor.mdx
./openarm/website/versioned_docs/version-1.0/hardware/specifications/gripper.mdx
./openarm/website/versioned_docs/version-1.0/hardware/_category_.json
./openarm/website/versioned_docs/version-1.0/hardware/bill-of-materials
./openarm/website/versioned_docs/version-1.0/hardware/bill-of-materials/arm-off-the-shelf.mdx
./openarm/website/versioned_docs/version-1.0/hardware/bill-of-materials/pedestal.mdx
./openarm/website/versioned_docs/version-1.0/hardware/bill-of-materials/_category_.json
./openarm/website/versioned_docs/version-1.0/hardware/bill-of-materials/electrical.mdx
./openarm/website/versioned_docs/version-1.0/hardware/bill-of-materials/arm-manufactured.mdx
./openarm/website/versioned_docs/version-1.0/hardware/bill-of-materials/gripper.mdx
./openarm/website/versioned_docs/version-1.0/hardware/bill-of-materials/end-effector-leader.mdx
./openarm/website/versioned_docs/version-1.0/hardware/bill-of-materials/procuring-components.mdx
./openarm/website/versioned_docs/version-1.0/hardware/wiring-and-casing-guide
./openarm/website/versioned_docs/version-1.0/hardware/wiring-and-casing-guide/2-arm-casing.mdx
./openarm/website/versioned_docs/version-1.0/hardware/wiring-and-casing-guide/4-power-can.mdx
./openarm/website/versioned_docs/version-1.0/hardware/wiring-and-casing-guide/3-chest.mdx
./openarm/website/versioned_docs/version-1.0/hardware/wiring-and-casing-guide/_category_.json
./openarm/website/versioned_docs/version-1.0/hardware/wiring-and-casing-guide/1-arm-wiring.mdx
./openarm/website/versioned_docs/version-1.0/hardware/wiring-and-casing-guide/0-components.mdx
./openarm/website/versions.json
./openarm/CODE_OF_CONDUCT.md
